Event.Id,Investigation.Type,Accident.Number,Event.Date,Location,Country,Latitude,Longitude,Airport.Code,Airport.Name,Injury.Severity,Aircraft.damage,Aircraft.Category,Registration.Number,Make,Model,Amateur.Built,Number.of.Engines,Engine.Type,FAR.Description,Schedule,Purpose.of.flight,Air.carrier,Total.Fatal.Injuries,Total.Serious.Injuries,Total.Minor.Injuries,Total.Uninjured,Weather.Condition,Broad.phase.of.flight,Report.Status,Publication.Date,Make_Model
20020917X01657,Accident,ATL82DA027,1982-01-02,"CHAMBLEE, GA",United States,,,PDK,,Non-Fatal,Substantial,Helicopter,N5745Y,Bell,206L-1,No,1.0,Turbo Shaft,Part 135: Air Taxi & Commuter,NSCH,Unknown,"Rocky Mountain Helicopters, In",0.0,0.0,0.0,1.0,VMC,Approach,Probable Cause,02-01-1983,Bell 206L-1
20020917X02156,Accident,LAX82DA037,1982-01-05,"SPRINGERVILLE, AZ",United States,,,Q35,SPRINGERVILLE,Non-Fatal,Substantial,Airplane,N738XP,Cessna,TR182,No,1.0,Reciprocating,Part 135: Air Taxi & Commuter,NSCH,Unknown,Joel Frederick's Monarch Air,0.0,0.0,0.0,1.0,VMC,Taxi,Probable Cause,05-01-1983,Cessna TR182
20020917X01765,Incident,ATL82IA034,1982-01-12,"CLARKSBURG, WV",United States,,,CKB,BENEDUM,Incident,Minor,Airplane,N615KC,Embraer,EMB-110P1,No,2.0,Turbo Prop,Part 135: Air Taxi & Commuter,SCHD,Unknown,Aeromech Incorporated,0.0,0.0,0.0,2.0,VMC,Taxi,Probable Cause,12-01-1983,Embraer EMB-110P1
20020917X02575,Accident,SEA82DA017,1982-01-13,"SPOKANE, WA",United States,,,,GEIGER FIELD,Non-Fatal,Substantial,Airplane,N36PB,Piper,PA-31-350,No,2.0,Reciprocating,Part 135: Air Taxi & Commuter,NSCH,Unknown,Richard Engstrom,0.0,0.0,0.0,2.0,IMC,Approach,Probable Cause,13-01-1983,Piper PA-31-350
20020917X01625,Accident,ANC82DA015,1982-01-15,"NEAR NUIQSUT, AK",United States,,,,,Non-Fatal,Substantial,Airplane,N1459T,De Havilland,DHC-2-MK3,No,1.0,Turbo Prop,Part 135: Air Taxi & Commuter,NSCH,Unknown,"Sea Airmotive, Inc.",0.0,0.0,0.0,4.0,VMC,Landing,Probable Cause,15-01-1983,De Havilland DHC-2-MK3
20020917X02397,Accident,MIA82FA034,1982-01-19,"MIAMI, FL",United States,,,MIA,MIAMI INTL,Non-Fatal,Substantial,Airplane,HCBHS,Canadair,CL-44D4,No,4.0,Turbo Prop,Part 129: Foreign,NSCH,Unknown,"Acroservicios Eduatorianos, C",0.0,0.0,0.0,6.0,VMC,Landing,Probable Cause,19-01-1983,Canadair CL-44D4
20020917X01628,Accident,ANC82DA019,1982-01-19,"TUNTUTULIAK, AK",United States,,,AK61,TUNTUTULIAK,Non-Fatal,Substantial,Airplane,N4246T,Piper,PA-32,No,1.0,Reciprocating,Part 135: Air Taxi & Commuter,NSCH,Unknown,Dennis L Gunder,0.0,0.0,0.0,2.0,VMC,Takeoff,Probable Cause,19-01-1983,Piper PA-32
20020917X02580,Accident,SEA82DA023,1982-01-30,"SINCLAIR ISLAND, WA",United States,,,10,SINCLAIR ISLAND,Non-Fatal,Substantial,Airplane,N53294,Cessna,172P,No,1.0,Reciprocating,Part 135: Air Taxi & Commuter,NSCH,Unknown,"West Isle Air, Inc.",0.0,0.0,0.0,3.0,IMC,Landing,Probable Cause,30-01-1983,Cessna 172P
20020917X01627,Accident,ANC82DA018,1982-02-09,"FORT YUKON, AK",United States,,,,,Non-Fatal,Substantial,Airplane,N8456Q,Cessna,185,No,1.0,Reciprocating,Part 135: Air Taxi & Commuter,NSCH,Unknown,Wright Air Service,0.0,0.0,0.0,2.0,VMC,Taxi,Probable Cause,09-02-1983,Cessna 185
20020917X01800,Accident,CHI82DA050,1982-02-15,"EAST SAINT LOUI, IL",United States,,,CPS,BI-STATE PARKS,Non-Fatal,Substantial,Airplane,N7511L,Piper,PA-31-310,No,2.0,Reciprocating,Part 135: Air Taxi & Commuter,NSCH,Unknown,Ira D. Farrington,0.0,0.0,0.0,2.0,VMC,Landing,Probable Cause,15-02-1983,Piper PA-31-310
20020917X01968,Accident,DEN82FA034,1982-02-17,"MITCHELL, SD",United States,,,MHE,MITCHELL MUNICIPAL,Non-Fatal,Substantial,Airplane,N5799Y,Piper,PA-23,No,2.0,Reciprocating,Part 135: Air Taxi & Commuter,NSCH,Unknown,Four Lakes Aviation Corp,0.0,0.0,0.0,6.0,IMC,Approach,Probable Cause,17-02-1983,Piper PA-23
20020917X02630,Incident,SEA82IA029,1982-02-18,"BOISE, ID",United States,,,BOI,BOISE AIR TERMINAL,Incident,Minor,Airplane,N101RA,Embraer,EMB-11OP1,No,2.0,Turbo Prop,Part 135: Air Taxi & Commuter,SCHD,Unknown,"Cascade Airways, Inc.",0.0,0.0,0.0,16.0,VMC,Takeoff,Probable Cause,18-02-1983,Embraer EMB-11OP1
20020917X01885,Accident,CHI82FA059,1982-02-19,"OSHKOSH, WI",United States,,,OSH,WITTMAN,Non-Fatal,Substantial,Airplane,N6761H,Cessna,404,No,2.0,Reciprocating,Part 135: Air Taxi & Commuter,NSCH,Unknown,Priester Aviation Service,0.0,0.0,0.0,7.0,IMC,Landing,Probable Cause,19-02-1983,Cessna 404
20020917X01817,Accident,CHI82DA068,1982-02-22,"CLEVELAND, OH",United States,,,,CLEVELAND-HOPKINS INTL.,Non-Fatal,Substantial,Airplane,N8035J,Piper,PA-60,No,2.0,Reciprocating,Part 135: Air Taxi & Commuter,NSCH,Unknown,Air Continental Incorporated,0.0,0.0,0.0,1.0,VMC,Takeoff,Probable Cause,22-02-1983,Piper PA-60
20020917X02112,Accident,FTW82FPA11,1982-02-25,"DALLAS, TX",United States,,,DFW,DALLAS AIRPORT,Non-Fatal,Substantial,Airplane,N8517Z,Beech,D18S,No,2.0,Reciprocating,Part 135: Air Taxi & Commuter,NSCH,Unknown,Jim Billingsley,0.0,0.0,0.0,1.0,IMC,Approach,Probable Cause,25-02-1983,Beech D18S
20020917X01770,Incident,ATL82IA060,1982-02-26,"ATLANTA, GA",United States,,,PDK,DEKALB PEACHTREE,Incident,Minor,Airplane,N10AY,Beech,B90,No,2.0,Turbo Prop,Part 135: Air Taxi & Commuter,NSCH,Unknown,Hanger One,0.0,0.0,0.0,3.0,IMC,Landing,Probable Cause,26-02-1983,Beech B90
20020917X02037,Accident,FTW82DA087,1982-03-03,"CROWNPOINT, NM",United States,,,,CROWNPOINT MUNICIPAL,Non-Fatal,Substantial,Airplane,N55550,Piper,PA-32-300,No,1.0,Reciprocating,Part 135: Air Taxi & Commuter,NSCH,Unknown,Window Rock Airways,0.0,0.0,0.0,3.0,VMC,Landing,Probable Cause,03-03-1983,Piper PA-32-300
20020917X01825,Accident,CHI82DA077,1982-03-04,"ELYRIA, OH",United States,,,22G,LORAIN COUNTY,Non-Fatal,Substantial,Airplane,N9530Q,Smith Aerostar,600,No,2.0,Reciprocating,Part 135: Air Taxi & Commuter,NSCH,Unknown,Air Continental Inc.,0.0,0.0,0.0,1.0,VMC,Takeoff,Probable Cause,04-03-1983,Smith Aerostar 600
20020917X01829,Accident,CHI82DA081,1982-03-08,"GRAND MARAIS, MN",United States,,,GRM,GRAND MARAIS,Non-Fatal,Substantial,Airplane,N6625Y,Piper,PA-23 250,No,2.0,Reciprocating,Part 135: Air Taxi & Commuter,NSCH,Unknown,Northern Airmotive Inc,0.0,0.0,0.0,3.0,VMC,Approach,Probable Cause,08-03-1983,Piper PA-23 250
20020917X01899,Incident,CHI82IA082,1982-03-09,"SOUTH BEND, IN",United States,,,SBN,MICHIANA REGIONAL,Incident,Minor,Airplane,N323BA,Swearingen,SA-266TC,No,2.0,Turbo Prop,Part 135: Air Taxi & Commuter,SCHD,Unknown,"Britt Airways, Inc",0.0,0.0,0.0,9.0,UNK,Maneuvering,Probable Cause,09-03-1983,Swearingen SA-266TC
20020917X02572,Incident,NYC82IA051,1982-03-11,"FLUSHING, NY",United States,,,LGA,LAGUARDIA (R/W 22),Incident,Minor,Airplane,N26210,Nord Aviation,262A-12,No,2.0,Turbo Prop,Part 135: Air Taxi & Commuter,SCHD,Unknown,"Ransome Airlines, Inc",0.0,0.0,0.0,30.0,IMC,Climb,Probable Cause,11-03-1983,Nord Aviation 262A-12
20020917X01716,Accident,ATL82DKW06A,1982-03-11,"NASHVILLE, TN",United States,,,BNA,NASHVILLE METRO,Non-Fatal,Substantial,Airplane,N5253J,Cessna,310,No,2.0,Reciprocating,Part 135: Air Taxi & Commuter,NSCH,Unknown,Courier Service Inc.,0.0,0.0,0.0,2.0,IMC,Taxi,Probable Cause,11-03-1983,Cessna 310
20020917X01647,Accident,ANC82DAG17,1982-03-15,"PAXSON, AK",United States,,,,FROZEN PAXSON LAKE,Non-Fatal,Substantial,Airplane,N6978H,Cessna,185,No,1.0,Reciprocating,Part 135: Air Taxi & Commuter,NSCH,Unknown,W.t. Ellis,0.0,0.0,0.0,3.0,VMC,Taxi,Probable Cause,15-03-1983,Cessna 185
20020917X01937,Accident,DEN82DA046,1982-03-16,"MARBLE, CO",United States,,,,,Non-Fatal,Substantial,Helicopter,N2169X,Bell,206B,No,1.0,Turbo Shaft,Part 135: Air Taxi & Commuter,NSCH,Unknown,"Luebell Helicopters, Inc",0.0,0.0,0.0,4.0,VMC,Approach,Probable Cause,16-03-1983,Bell 206B
20020917X01900,Incident,CHI82IA102,1982-03-25,"KALAMAZO, MI",United States,,,AZO,KALAMAZOO,Incident,Minor,Airplane,N20HR,Beech,65-88,No,2.0,Reciprocating,Part 135: Air Taxi & Commuter,SCHD,Unknown,Basler Airlines,0.0,0.0,0.0,2.0,VMC,Approach,Probable Cause,25-03-1983,Beech 65-88
20020917X02206,Accident,LAX82DA122,1982-03-26,"YUBA CITY, CA",United States,,,052,SUTTER COUNTY,Non-Fatal,Substantial,Airplane,N69646,Cessna,310Q,No,2.0,Reciprocating,Part 135: Air Taxi & Commuter,NSCH,Unknown,Comet Airways Incorporated,0.0,0.0,0.0,3.0,VMC,Landing,Probable Cause,26-03-1983,Cessna 310Q
20020917X01901,Incident,CHI82IA108,1982-03-30,"CHICAGO, IL",United States,,,ORD,O'HARE INTERNATIONAL,Incident,Minor,Airplane,N62Z,Swearingen,SA226TC,No,2.0,Turbo Prop,Part 135: Air Taxi & Commuter,SCHD,Unknown,"Britt Airways, Inc.",0.0,0.0,0.0,18.0,VMC,Takeoff,Probable Cause,30-03-1983,Swearingen SA226TC
20020917X01903,Incident,CHI82IA113,1982-04-05,"WAUKEGAN, IL",United States,,,UGN,WAUKEGAN HEMORIAL,Incident,Minor,Airplane,N69341,Cessna,402B,No,2.0,Reciprocating,Part 135: Air Taxi & Commuter,NSCH,Unknown,"Superior Air Service, Inc.",0.0,0.0,0.0,3.0,IMC,Approach,Probable Cause,05-04-1983,Cessna 402B
20020917X01643,Accident,ANC82DA034,1982-04-11,"MONTAGUE ISLAND, AK",United States,,,,,Non-Fatal,Substantial,Airplane,N28582,Piper,PA-32,No,1.0,Reciprocating,Part 135: Air Taxi & Commuter,NSCH,Unknown,Harbor Air Service,0.0,0.0,0.0,3.0,VMC,Takeoff,Probable Cause,11-04-1983,Piper PA-32
20020917X01774,Incident,ATL82IA109,1982-04-18,"ASHEVILLE, NC",United States,,,,ASHEVILLE AIRPORT,Incident,Minor,Airplane,N95WA,Beech,BE-99,No,2.0,Turbo Prop,Part 135: Air Taxi & Commuter,SCHD,Unknown,Wheeler Airlines,0.0,0.0,0.0,11.0,VMC,Takeoff,Probable Cause,18-04-1983,Beech BE-99
20020917X02608,Accident,SEA82DA055,1982-04-19,"DARRINGTON, WA",United States,,,,,Non-Fatal,Substantial,Helicopter,N9131F,Hughes,500C,No,1.0,Turbo Prop,Part 135: Air Taxi & Commuter,NSCH,Unknown,Anthony B. Reece,0.0,0.0,0.0,4.0,VMC,Landing,Probable Cause,19-04-1983,Hughes 500C
20020917X01775,Incident,ATL82IA121,1982-04-30,"ENTERPRISE, AL",United States,,,93J,ENTERPRISE MUNICIPAL,Incident,Minor,Airplane,N53RT,Piper,PA-31-350,No,2.0,Reciprocating,Part 135: Air Taxi & Commuter,NSCH,Unknown,Huntsville Aviation,0.0,0.0,0.0,7.0,VMC,Takeoff,Probable Cause,30-04-1983,Piper PA-31-350
20020917X03112,Accident,DEN82DA079,1982-05-06,"BISMARCK, ND",United States,,,BIS,BISMARCK MUNICIPAL,Non-Fatal,Substantial,Airplane,N4504Q,Cessna,402A,No,2.0,Reciprocating,Part 135: Air Taxi & Commuter,NSCH,Unknown,Capital Aviation Corporation,0.0,0.0,0.0,8.0,VMC,Landing,Probable Cause,06-05-1983,Cessna 402A
20020917X03114,Accident,DEN82DA081,1982-05-08,"MEDICINE BOW, WY",United States,,,80V,MEDICINE BOW,Non-Fatal,Substantial,Airplane,N6994C,Piper,PA-28R-200,No,1.0,Reciprocating,Part 135: Air Taxi & Commuter,NSCH,Unknown,Gillis Aviation,0.0,0.0,0.0,3.0,VMC,Takeoff,Probable Cause,08-05-1983,Piper PA-28R-200
20020917X03894,Incident,MKC82IA079,1982-05-13,"ST. LOUIS, MO",United States,,,STL,LAMBERT-ST. LOUIS INTL,Incident,Minor,Airplane,N2233Q,Cessna,402B,No,2.0,Reciprocating,Part 135: Air Taxi & Commuter,SCHD,Unknown,Trans Mo Airlines,0.0,0.0,0.0,8.0,VMC,Taxi,Probable Cause,13-05-1983,Cessna 402B
20020917X03256,Accident,FTW82DA175,1982-05-13,"PINEVILLE, LA",United States,,,9LA6,PINEVILLE MUNICIPAL,Non-Fatal,Substantial,Airplane,N36546,Piper,PA-32RT-300,No,1.0,Reciprocating,Part 135: Air Taxi & Commuter,NSCH,Unknown,Modern Flying Serv. Inc.,0.0,0.0,0.0,1.0,VMC,Taxi,Probable Cause,13-05-1983,Piper PA-32RT-300
20020917X03259,Accident,FTW82DA178,1982-05-15,"CAMERON, LA",United States,,,IR5,CAMERON HELIPORT,Non-Fatal,Substantial,Helicopter,N2048X,Bell,206L-1,No,1.0,Turbo Shaft,Part 135: Air Taxi & Commuter,NSCH,Unknown,"Pumpkin Air, Inc.",0.0,0.0,0.0,2.0,VMC,Cruise,Probable Cause,15-05-1983,Bell 206L-1
20020917X03236,Incident,DEN82IA090,1982-05-18,"GILLETTE, WY",United States,,,GCC,GILLETTE-CAMPBELL COUNTY,Incident,Minor,Airplane,N114GA,Gulfstream American,G-159C,No,2.0,Turbo Prop,Part 121: Air Carrier,SCHD,Unknown,"U.s. Aviation, Inc./air U.s.,",0.0,0.0,0.0,21.0,VMC,Landing,Probable Cause,18-05-1983,Gulfstream American G-159C
20020917X02891,Incident,ATL82IA139,1982-05-23,"CHARLOTTE, NC",United States,,,,CHARLOTTE DOUGLAS,Incident,Minor,Airplane,N88694,Cessna,404,No,2.0,Reciprocating,Part 135: Air Taxi & Commuter,SCHD,Unknown,Sunbird Airlines,0.0,0.0,0.0,2.0,VMC,Landing,Probable Cause,23-05-1983,Cessna 404
20020917X02930,Accident,CHI82DA183,1982-05-25,"HOLLAND, MI",United States,,,C19,TULIP CITY,Non-Fatal,Substantial,Airplane,N6187Q,Cessna,310R,No,2.0,Reciprocating,Part 135: Air Taxi & Commuter,NSCH,Unknown,"Business Aviation, Incorporati",0.0,0.0,0.0,6.0,VMC,Landing,Probable Cause,25-05-1983,Cessna 310R
20020917X02638,Accident,ANC82DA042,1982-05-27,"OUZINKIE, AK",United States,,,KOZ,OUZINKIE SEAPLANE BASE,Non-Fatal,Substantial,Airplane,N4877X,Cessna,U206,No,1.0,Reciprocating,Part 135: Air Taxi & Commuter,NSCH,Unknown,Robert F. Stanford,0.0,0.0,0.0,1.0,VMC,Approach,Probable Cause,27-05-1983,Cessna U206
20020917X03282,Accident,FTW82DA201,1982-05-29,HIGH ISLAND 389,HIGH ISLAND,,,389,HIGH ISLAND 389,Non-Fatal,Destroyed,Helicopter,N1070D,Bell,206L-1,No,1.0,Turbo Shaft,Part 135: Air Taxi & Commuter,NSCH,Unknown,Houston Helicopters,0.0,0.0,0.0,4.0,VMC,Landing,Probable Cause,29-05-1983,Bell 206L-1
20020917X02893,Incident,ATL82IA159,1982-06-02,"ASHEBORO, NC",United States,,,,,Incident,Minor,Airplane,N59749,Piper,PA-31-325,No,2.0,Reciprocating,Part 135: Air Taxi & Commuter,NSCH,Unknown,Clarence Roberts/roberts Avia.,0.0,0.0,0.0,5.0,VMC,Cruise,Probable Cause,02-06-1983,Piper PA-31-325
20020917X03873,Accident,MKC82FA095,1982-06-04,"WICHITA, KS",United States,,,3KM,COLONEL JAMES JABARA,Non-Fatal,Substantial,Airplane,N190BT,Beech,65-90,Yes,2.0,Turbo Prop,Part 135: Air Taxi & Commuter,NSCH,Unknown,"Midwest Piper Flight, Inc",0.0,0.0,0.0,3.0,VMC,Takeoff,Probable Cause,04-06-1983,Beech 65-90
20020917X02713,Incident,ANC82IA048,1982-06-16,"NEAR PORT HEIDE, AK",United States,,,,,Incident,Minor,Airplane,N525N,De Havilland,DHC-6-100,No,2.0,Turbo Prop,Part 135: Air Taxi & Commuter,NSCH,Unknown,"Sea Airmotive, Inc.",0.0,0.0,0.0,10.0,VMC,Cruise,Probable Cause,16-06-1983,De Havilland DHC-6-100
20020917X02644,Accident,ANC82DA049,1982-06-17,"NEAR EKWOK, AK",United States,,,KEK,EKWOK,Non-Fatal,Substantial,Airplane,N9561K,Piper,PA-32-300,No,1.0,Reciprocating,Part 135: Air Taxi & Commuter,NSCH,Unknown,Armstrong Air Service,0.0,0.0,0.0,4.0,VMC,Cruise,Probable Cause,17-06-1983,Piper PA-32-300
20020917X03661,Accident,LAX82FA224,1982-06-18,"FRESNO, CA",United States,,,FAT,FRESNO AIR TERMINAL,Non-Fatal,Destroyed,Airplane,N74JT,Beech,H-18,Yes,2.0,Reciprocating,Part 135: Air Taxi & Commuter,NSCH,Unknown,West States Air Taxi,0.0,0.0,0.0,1.0,VMC,Takeoff,Probable Cause,18-06-1983,Beech H-18
20020917X04056,Accident,NYC82FNA17,1982-06-23,"HYANNIS, MA",United States,,,HYA,BARNSTABLE MUNICIPAL,Non-Fatal,Substantial,Helicopter,N3601U,S.n.i.a.s.,SA-330J,No,2.0,Turbo Shaft,Part 135: Air Taxi & Commuter,NSCH,Unknown,Petroleum Helicopters,0.0,0.0,0.0,13.0,VMC,Climb,Probable Cause,23-06-1983,S.n.i.a.s. SA-330J
20020917X04105,Accident,SEA82DA098,1982-06-29,"GLACIER BAY, AK",United States,,,,,Non-Fatal,Substantial,Airplane,N2947N,Piper,PA-32-300,No,1.0,Reciprocating,Part 135: Air Taxi & Commuter,NSCH,Unknown,Layton A. Bennet,0.0,0.0,0.0,5.0,VMC,Cruise,Probable Cause,29-06-1983,Piper PA-32-300
20020917X03146,Accident,DEN82DA122,1982-06-30,"LAS ANIMAS, CO",United States,,,7V9,LAS ANIMAS CITY & COUNTY,Non-Fatal,Substantial,Airplane,N2745B,Cessna,340,No,2.0,Turbo Prop,Part 135: Air Taxi & Commuter,NSCH,Unknown,Colorado Corporate Charters,0.0,0.0,0.0,4.0,VMC,Approach,Probable Cause,30-06-1983,Cessna 340
20020917X02650,Accident,ANC82DA057,1982-07-02,"NOME, AK",United States,,,OME,NOME,Non-Fatal,Substantial,Airplane,N39MN,Britten-norman,BN-2A,No,2.0,Reciprocating,Part 135: Air Taxi & Commuter,SCHD,Unknown,"Munz Northern Airlines, Inc.",0.0,0.0,0.0,1.0,VMC,Takeoff,Probable Cause,02-07-1983,Britten-norman BN-2A
20020917X03670,Accident,LAX82FA242,1982-07-03,"GRAND CANYON, AZ",United States,,,,,Non-Fatal,Substantial,Helicopter,N4778R,Bell,206B,No,1.0,Turbo Shaft,Part 135: Air Taxi & Commuter,NSCH,Unknown,"Grand Canyon Helicopters, Inc.",0.0,0.0,0.0,5.0,VMC,Cruise,Probable Cause,03-07-1983,Bell 206B
20020917X02651,Accident,ANC82DA058,1982-07-09,"ELIM, AK",United States,,,ELT,ELIM,Non-Fatal,Substantial,Airplane,N7745Q,Cessna,310,No,1.0,Reciprocating,Part 135: Air Taxi & Commuter,NSCH,Unknown,Seward Peninsula Flying Svc,0.0,0.0,0.0,3.0,VMC,Takeoff,Probable Cause,09-07-1983,Cessna 310
20020917X03357,Accident,FTW82DA281,1982-07-14,"SABINE, TX",United States,,,,,Non-Fatal,Substantial,Helicopter,N116AL,Bell,206B,No,1.0,Turbo Shaft,Part 135: Air Taxi & Commuter,NSCH,Unknown,Air Logistics,0.0,0.0,0.0,3.0,VMC,Cruise,Probable Cause,14-07-1983,Bell 206B
20020917X03361,Accident,FTW82DA285,1982-07-19,GULF OF MEXICO,GULF OF MEXICO,,,,,Non-Fatal,Substantial,Helicopter,N5771L,Aerospatiale,AS-350D,No,1.0,Turbo Shaft,Part 135: Air Taxi & Commuter,NSCH,Unknown,"Petroleum Helicopter, Inc.",0.0,0.0,0.0,2.0,VMC,Cruise,Probable Cause,19-07-1983,Aerospatiale AS-350D
20020917X03895,Incident,MKC82IA128,1982-07-20,"FENTON, MO",United States,,,3WA,WEISS,Incident,Minor,Airplane,N3606B,Beech,E18S,No,2.0,Reciprocating,Part 135: Air Taxi & Commuter,NSCH,Unknown,"Executive Aviation, Inc.",0.0,0.0,0.0,1.0,VMC,Landing,Probable Cause,20-07-1983,Beech E18S
20020917X03169,Accident,DEN82DA147,1982-07-28,"BRYCE CANYON, UT",United States,,,,,Non-Fatal,Substantial,Helicopter,N88389,Bell,UH1B,No,1.0,Turbo Shaft,Part 135: Air Taxi & Commuter,NSCH,Unknown,Beartooth,0.0,0.0,0.0,1.0,VMC,Approach,Probable Cause,28-07-1983,Bell UH1B
20020917X03239,Incident,DEN82IA150,1982-07-30,"NEAR WINTER PAR, CO",United States,,,,,Incident,Minor,Helicopter,N49556,Aerospatiale,350D,No,1.0,Turbo Shaft,Part 135: Air Taxi & Commuter,NSCH,Unknown,Jerry Lynn Noland,0.0,0.0,0.0,4.0,VMC,Maneuvering,Probable Cause,30-07-1983,Aerospatiale 350D
20020917X03876,Accident,MKC82FA149,1982-08-20,"KANSAS CITY, MO",United States,,,MKC,DOWNTOWN,Non-Fatal,Substantial,Airplane,N237AM,Swearingen,SA226TC,No,2.0,Turbo Prop,Part 135: Air Taxi & Commuter,SCHD,Unknown,Air Midwest,0.0,0.0,0.0,12.0,VMC,Approach,Probable Cause,20-08-1983,Swearingen SA226TC
20020917X02668,Accident,ANC82DA080,1982-08-25,"NEAR DILLINGHAM, AK",United States,,,5QN,THE QUEENS,Non-Fatal,Substantial,Airplane,N7989C,Piper,PA-32,No,1.0,Reciprocating,Part 135: Air Taxi & Commuter,NSCH,Unknown,Peter Reichard,0.0,0.0,0.0,7.0,VMC,Takeoff,Probable Cause,25-08-1983,Piper PA-32
20020917X02667,Accident,ANC82DA078,1982-08-30,"EGEGIK, AK",United States,,,,BARTLETT'S STRIP,Non-Fatal,Destroyed,Airplane,N1084X,Piper,PA-32-300,No,1.0,Reciprocating,Part 135: Air Taxi & Commuter,NSCH,Unknown,"Peninsula Airways, Inc.",0.0,0.0,0.0,3.0,VMC,Takeoff,Probable Cause,30-08-1983,Piper PA-32-300
20020917X03038,Accident,CHI82DA316,1982-08-30,"CHICAGO, IL",United States,,,MDW,MIDWAY,Non-Fatal,Substantial,Airplane,N38RM,Beech,G18S,No,2.0,Reciprocating,Part 135: Air Taxi & Commuter,NSCH,Unknown,Viking Express Inc,0.0,0.0,0.0,1.0,VMC,Takeoff,Probable Cause,30-08-1983,Beech G18S
20020917X04254,Accident,ATL82DA262,1982-09-02,"DARLINGTON, SC",United States,,,59J,MOORES,Non-Fatal,Substantial,Airplane,N28311,Grumman,AA5B,No,1.0,Reciprocating,Part 135: Air Taxi & Commuter,NSCH,Unknown,Raleigh Flying Service,0.0,0.0,0.0,2.0,VMC,Landing,Probable Cause,02-09-1983,Grumman AA5B
20020917X04214,Accident,ANC82FAA14,1982-09-02,"FAIRBANKS, AK",United States,,,,METRO,Non-Fatal,Substantial,Airplane,N3299Q,Cessna,402,No,2.0,Reciprocating,Part 135: Air Taxi & Commuter,SCHD,Unknown,Greg Hawes,0.0,0.0,0.0,6.0,VMC,Takeoff,Probable Cause,02-09-1983,Cessna 402
20020917X04184,Accident,ANC82DA083,1982-09-05,"NEAR KIPNUK, AK",United States,,,,,Non-Fatal,Substantial,Airplane,N76078,Cessna,207A,No,1.0,Reciprocating,Part 135: Air Taxi & Commuter,SCHD,Unknown,"Bethel Ventures,inc.",0.0,0.0,0.0,1.0,VMC,Cruise,Probable Cause,05-09-1983,Cessna 207A
20020917X04398,Accident,CHI82DA346,1982-09-08,"HOLLAND, MI",United States,,,C19,TULIP CITY,Non-Fatal,Substantial,Airplane,N54847,Piper,PA-23-250,No,2.0,Reciprocating,Part 135: Air Taxi & Commuter,NSCH,Unknown,Franklin Flying Service,0.0,0.0,0.0,1.0,VMC,Taxi,Probable Cause,08-09-1983,Piper PA-23-250
20020917X04597,Accident,FTW82DA373,1982-09-10,"TOMBALL, TX",United States,,,DWH,DAVID WAYNE HOOKS,Non-Fatal,Substantial,Airplane,N3980A,Cessna,310R,No,2.0,Reciprocating,Part 135: Air Taxi & Commuter,NSCH,Unknown,Thomas R. Mcelhenney,0.0,0.0,0.0,5.0,VMC,Landing,Probable Cause,10-09-1983,Cessna 310R
20020917X04526,Incident,DEN82IA192,1982-09-13,"DENVER, CO",United States,,,DEN,STAPLETON INTERNATIONAL,Incident,Minor,Airplane,N5471M,Fairchild/swearingen,SA226TC,No,2.0,Turbo Prop,Part 135: Air Taxi & Commuter,NSCH,Unknown,Air Midwest,0.0,0.0,0.0,5.0,VMC,Other,Probable Cause,13-09-1983,Fairchild/swearingen SA226TC
20020917X04509,Accident,DEN82DA196,1982-09-15,"KEMMERER, WY",United States,,,EMM,KEMMERER MUNICIPAL,Non-Fatal,Substantial,Airplane,N8317Q,Cessna,U206F,No,1.0,Reciprocating,Part 135: Air Taxi & Commuter,NSCH,Unknown,Air Express Corporation,0.0,0.0,0.0,1.0,VMC,Takeoff,Probable Cause,15-09-1983,Cessna U206F
20020917X04405,Accident,CHI82DA355,1982-09-17,"INDIANAPOLIS, IN",United States,,,IND,INDIANAPOLIS INTERN.,Non-Fatal,Substantial,Airplane,N730M,Beech,G18S,No,2.0,Reciprocating,Part 135: Air Taxi & Commuter,SCHD,Unknown,"Indianapolis Air Charter, Inc.",0.0,0.0,0.0,1.0,VMC,Takeoff,Probable Cause,17-09-1983,Beech G18S
20020917X05116,Accident,SEA82DA167,1982-09-18,"42NM ESE OF YAK, AK",United States,,,,LOWENSTEINS AIRSTRIP,Non-Fatal,Substantial,Airplane,N80632,Cessna,U206A,No,1.0,Reciprocating,Part 135: Air Taxi & Commuter,NSCH,Unknown,Gulf Air Taxi,0.0,0.0,0.0,2.0,VMC,Takeoff,Probable Cause,18-09-1983,Cessna U206A
20020917X04216,Incident,ANC82IA095,1982-09-21,"NEAR DILLINGHAM, AK",United States,,,,,Incident,Minor,Airplane,N7394U,Cessna,C-207,No,1.0,Reciprocating,Part 135: Air Taxi & Commuter,NSCH,Unknown,Yute Air Alaska Inc.,0.0,0.0,0.0,5.0,VMC,Climb,Probable Cause,08-11-2012,Cessna C-207
20020917X04513,Accident,DEN82DA202,1982-09-21,"LANGDON, ND",United States,,,D55,LANGDON MUNICIPAL,Non-Fatal,Substantial,Airplane,N8107X,Piper,PA-34,No,2.0,Reciprocating,Part 135: Air Taxi & Commuter,NSCH,Unknown,Thunderbird Aviation,0.0,0.0,0.0,4.0,VMC,Takeoff,Probable Cause,21-09-1983,Piper PA-34
20020917X04193,Accident,ANC82DA096,1982-09-23,"NENANA, AK",United States,,,ENN,NENANA MUNICIPAL,Non-Fatal,Substantial,Airplane,N3974G,Cessna,U206,No,1.0,Reciprocating,Part 135: Air Taxi & Commuter,NSCH,Unknown,Cyril D. Hetherington,0.0,0.0,0.0,1.0,VMC,Landing,Probable Cause,23-09-1983,Cessna U206
20020917X04413,Accident,CHI82DA367,1982-09-26,"BEDFORD PARK, IL",United States,,,,,Non-Fatal,Substantial,Airplane,N1728U,Cessna,207,No,1.0,Reciprocating,Part 135: Air Taxi & Commuter,NSCH,Unknown,Air Freight Express,0.0,0.0,0.0,1.0,VMC,Cruise,Probable Cause,26-09-1983,Cessna 207
20020917X04755,Accident,LAX82DA363,1982-09-29,"BIG SUR, CA",United States,,,,,Non-Fatal,Substantial,Airplane,N6718X,Beech,76,No,2.0,Reciprocating,Part 135: Air Taxi & Commuter,NSCH,Unknown,Altair,0.0,0.0,0.0,4.0,VMC,Cruise,Probable Cause,29-09-1983,Beech 76
20020917X04633,Incident,FTW82IA401,1982-09-30,"INTRACOASTAL CI, LA",United States,,,7R4,PHI ICY HELIPORT,Incident,Minor,Helicopter,N2091E,Bell,214ST,No,2.0,Turbo Shaft,Part 135: Air Taxi & Commuter,NSCH,Unknown,Petroleum Helicopters Inc.,0.0,0.0,0.0,20.0,VMC,Cruise,Probable Cause,30-09-1983,Bell 214ST
20020917X04217,Incident,ANC82IA103,1982-09-30,"KENAI, AK",United States,,,ENA,KENAI AIRPORT,Incident,Minor,Airplane,N61366,Piper,PA31-350,No,2.0,Reciprocating,Part 135: Air Taxi & Commuter,SCHD,Unknown,Southcentral Air Inc.,0.0,0.0,0.0,7.0,VMC,Approach,Probable Cause,30-09-1983,Piper PA31-350
20020917X04552,Accident,DEN83LA003,1982-10-07,"ROCK SPRINGS, WY",United States,,,,OIL WELL SITE,Non-Fatal,Substantial,Airplane,N6169Z,Cessna,TU206G,No,1.0,Reciprocating,Part 135: Air Taxi & Commuter,NSCH,Unknown,"Cowboy Air Service, Inc.",0.0,0.0,0.0,5.0,VMC,Landing,Probable Cause,07-10-1983,Cessna TU206G
20020917X05154,Accident,SEA83LA012,1982-10-08,"40 NM WNW SALMO, ID",United States,,,U81,COLD MEADOWS USFS,Non-Fatal,Substantial,Airplane,N5183U,Cessna,206,No,1.0,Reciprocating,Part 135: Air Taxi & Commuter,NSCH,Unknown,Linn Air Service,0.0,0.0,0.0,3.0,VMC,Takeoff,Probable Cause,08-10-1983,Cessna 206
20020917X04293,Accident,ATL83FA009,1982-10-08,"ALLENDALE, SC",United States,,,88J,ALLENDALE COUNTY,Non-Fatal,Substantial,Airplane,N958MC,Beech,58,No,2.0,Reciprocating,Part 135: Air Taxi & Commuter,NSCH,Unknown,"Grand Strand Aviation, Inc.",0.0,0.0,0.0,2.0,VMC,Cruise,Probable Cause,08-10-1983,Beech 58
20020917X04455,Accident,CHI83LA021,1982-10-17,"INDIANAPOLIS, IN",United States,,,IND,INDIANAPOLIS INT'L. APRT.,Non-Fatal,Substantial,Airplane,N173MA,Swearingen,SA227-AC,No,2.0,Turbo Prop,Part 135: Air Taxi & Commuter,SCHD,Unknown,Miostates Airlines,0.0,0.0,0.0,8.0,VMC,Taxi,Probable Cause,17-10-1983,Swearingen SA227-AC
20020917X04335,Incident,ATL83IA018,1982-10-28,"CLARKSVILLE, TN",United States,,,CKV,OUTLAW FIELD,Incident,Minor,Airplane,N4099A,Beech,B99,No,2.0,Turbo Prop,Part 135: Air Taxi & Commuter,SCHD,Unknown,Air Kentucky Airline,0.0,0.0,0.0,2.0,VMC,Landing,Probable Cause,28-10-1983,Beech B99
20020917X04459,Accident,CHI83LA028,1982-10-28,"COLUMBUS, OH",United States,,,CMH,PORT COLUMBUS,Non-Fatal,Substantial,Airplane,N7850Y,Piper,PA-30,No,2.0,Reciprocating,Part 135: Air Taxi & Commuter,NSCH,Unknown,Raf Aviation,0.0,0.0,0.0,2.0,VMC,Taxi,Probable Cause,28-10-1983,Piper PA-30
20020917X04231,Accident,ANC83LA009,1982-10-29,"STONY RIVER, AK",United States,,,,,Non-Fatal,Substantial,Airplane,N9982X,Cessna,185,No,1.0,Reciprocating,Part 135: Air Taxi & Commuter,NSCH,Unknown,Jack R. Smith,0.0,0.0,0.0,2.0,VMC,Landing,Probable Cause,29-10-1983,Cessna 185
20020917X05056,Accident,NYC83FA016,1982-11-01,"MEADVILLE, PA",United States,,,,PORT MEADVILLE,Non-Fatal,Substantial,Airplane,N402DL,Cessna,402B,No,2.0,Reciprocating,Part 135: Air Taxi & Commuter,NSCH,Unknown,"Darne, Inc.",0.0,0.0,0.0,3.0,VMC,Landing,Probable Cause,01-11-1983,Cessna 402B
20020917X04786,Accident,LAX83FA033,1982-11-10,"COALING, CA",United States,,,,,Non-Fatal,Destroyed,Airplane,N3035M,Piper,PA-28R-201T,No,1.0,Reciprocating,Part 135: Air Taxi & Commuter,NSCH,Unknown,"Flight East, Inc.",0.0,0.0,0.0,1.0,VMC,Cruise,Probable Cause,10-11-1983,Piper PA-28R-201T
20020917X04238,Accident,ANC83LA018,1982-11-11,"NEAR SEWARD, AK",United States,,,,,Non-Fatal,Substantial,Airplane,N4082W,Piper,PA-32-300,No,1.0,Reciprocating,Part 135: Air Taxi & Commuter,NSCH,Unknown,Harbor Air Service,0.0,0.0,0.0,4.0,VMC,Landing,Probable Cause,11-11-1983,Piper PA-32-300
20020917X05094,Accident,NYC83LA028,1982-11-13,"WEST MIFFLIN, PA",United States,,,AGC,ALLEGHENY COUNTY,Non-Fatal,Substantial,Helicopter,N72590,Aerospatiale,SA316B,No,1.0,Turbo Shaft,Part 135: Air Taxi & Commuter,NSCH,Unknown,"Life Flight, Allegheny General",0.0,0.0,0.0,3.0,VMC,Maneuvering,Probable Cause,13-11-1983,Aerospatiale SA316B
20020917X04338,Incident,ATL83IA034,1982-11-16,"HUNTSVILLE, AL",United States,,,,,Incident,Minor,Airplane,N5BA,Beech,G18S,No,2.0,Reciprocating,Part 135: Air Taxi & Commuter,NSCH,Unknown,Bo-s-aire,0.0,0.0,0.0,2.0,VMC,Descent,Probable Cause,16-11-1983,Beech G18S
20020917X04705,Accident,FTW83LA040,1982-11-19,"PORT O'CONNOR, TX",United States,,,,,Non-Fatal,Substantial,Helicopter,N16659,Bell,206B,No,1.0,Turbo Shaft,Part 135: Air Taxi & Commuter,NSCH,Unknown,Houston Helicopters Inc.,0.0,0.0,0.0,3.0,IMC,Approach,Probable Cause,19-11-1983,Bell 206B
20020917X04566,Accident,DEN83LA022,1982-11-20,"NEAR KALISPELL, MT",United States,,,,,Non-Fatal,Substantial,Helicopter,N5011G,Bell,206B,No,1.0,Turbo Shaft,Part 135: Air Taxi & Commuter,NSCH,Unknown,Mountain West Helicopters,0.0,0.0,0.0,4.0,VMC,Maneuvering,Probable Cause,20-11-1983,Bell 206B
20020917X04669,Incident,FTW83IA044,1982-11-22,"LITTLE ROCK, AR",United States,,,LIT,ADAMS,Incident,Minor,Airplane,N846AA,Boeing,727-223,No,3.0,Turbo Fan,Part 121: Air Carrier,SCHD,Unknown,American Airlines,0.0,0.0,0.0,23.0,IMC,Landing,Probable Cause,22-11-1983,Boeing 727-223
20020917X05165,Accident,SEA83LA025,1982-11-26,"GUSTAVUS, AK",United States,,,GST,GUSTAVUS,Non-Fatal,Substantial,Airplane,N6104J,Piper,PA-32R-300,No,1.0,Reciprocating,Part 135: Air Taxi & Commuter,SCHD,Unknown,Layton A . Bennett,0.0,0.0,0.0,1.0,VMC,Takeoff,Probable Cause,26-11-1983,Piper PA-32R-300
20020917X05097,Accident,NYC83LA036,1982-11-30,"NEW HAVEN, CT",United States,,,HVN,NEW HAVEN,Non-Fatal,Substantial,Airplane,N141PM,Fokker,F-27-100,No,2.0,Turbo Prop,Part 135: Air Taxi & Commuter,SCHD,Unknown,Pilgrim Airlines,0.0,0.0,0.0,20.0,VMC,Taxi,Probable Cause,30-11-1983,Fokker F-27-100
20020917X04572,Accident,DEN83LA029,1982-12-01,"MILES CITY, MT",United States,,,17LS,MILES CITY MUNICIPAL,Non-Fatal,Substantial,Airplane,N30RA,Cessna,310R,No,2.0,Reciprocating,Part 135: Air Taxi & Commuter,SCHD,Unknown,Philip O. Petrik,0.0,0.0,0.0,5.0,IMC,Landing,Probable Cause,01-12-1983,Cessna 310R
20020917X04712,Accident,FTW83LA050,1982-12-02,"VENICE, LA",United States,,,53LA,SHELL SPB,Non-Fatal,Substantial,Airplane,N1829R,Cessna,185,No,1.0,Reciprocating,Part 135: Air Taxi & Commuter,NSCH,Unknown,Southern Seaplanes,0.0,0.0,0.0,1.0,VMC,Takeoff,Probable Cause,02-12-1983,Cessna 185
20020917X04915,Incident,MIA83IA043,1982-12-06,"SARASOTA, FL",United States,,,SRQ,SARASOTA-BRADENTON,Incident,Minor,Airplane,N8871Z,Boeing,727-225,No,3.0,Turbo Fan,Part 121: Air Carrier,SCHD,Unknown,"Eastern Airlines, Inc.",0.0,0.0,0.0,21.0,VMC,Takeoff,Probable Cause,06-12-1983,Boeing 727-225
20020917X04341,Incident,ATL83IA054,1982-12-07,"CHAMBLEE, GA",United States,,,PDK,DEKALB-PEACHTREE,Incident,Minor,Airplane,N153TG,Gulfstream American,G-159,No,2.0,Turbo Prop,Part 121: Air Carrier,NSCH,Unknown,Orion Airlines,0.0,0.0,0.0,3.0,VMC,Takeoff,Probable Cause,07-12-1983,Gulfstream American G-159
20020917X04494,Accident,DCA83AA009,1982-12-07,"CHANTILLY, VA",United States,,,IAD,DULLES INTL,Non-Fatal,Substantial,Airplane,N126AV,Swearingen,SA-226TC,No,2.0,Turbo Prop,Part 135: Air Taxi & Commuter,SCHD,Unknown,"Flt America, Inc",0.0,0.0,0.0,6.0,VMC,Landing,Probable Cause,07-12-1983,Swearingen SA-226TC
20020917X04988,Incident,MKC83IA035,1982-12-13,"WICHITA, KS",United States,,,,,Incident,Minor,Airplane,N85BH,Beech,100,No,2.0,Turbo Prop,Part 135: Air Taxi & Commuter,NSCH,Unknown,"Ozark Skyways, Inc.",0.0,0.0,0.0,10.0,VMC,Cruise,Probable Cause,13-12-1983,Beech 100
20020917X04979,Accident,MKC83FA038,1982-12-16,"DEWITT, NE",United States,,,,,Non-Fatal,Substantial,Airplane,N6855F,Piper,PA-32R-300,No,1.0,Reciprocating,Part 135: Air Taxi & Commuter,NSCH,Unknown,"Heartland Enterprises, Inc.",0.0,0.0,0.0,5.0,IMC,Cruise,Probable Cause,16-12-1983,Piper PA-32R-300
20020917X04243,Accident,ANC83LA024,1982-12-18,"NEAR PORT ALSWO, AK",United States,,,,,Non-Fatal,Substantial,Airplane,N94DC,De Havilland,DHC-2,No,1.0,Reciprocating,Part 135: Air Taxi & Commuter,NSCH,Unknown,Alvin D. Carrell,0.0,0.0,0.0,5.0,VMC,Landing,Probable Cause,18-12-1983,De Havilland DHC-2
20020917X05102,Accident,NYC83LA046,1982-12-20,"GASPORT, NY",United States,,,95G,GASPORT,Non-Fatal,Substantial,Airplane,N12WB,Beech,56TC,No,2.0,Reciprocating,Part 135: Air Taxi & Commuter,NSCH,Unknown,"Van Air,inc.",0.0,0.0,0.0,1.0,IMC,Takeoff,Probable Cause,20-12-1983,Beech 56TC
20020917X04577,Accident,DEN83LA036,1982-12-20,"GILLETTE, WY",United States,,,GCC,GILLETTE CAMPBELLL COUNTY,Non-Fatal,Substantial,Airplane,N2671V,Swearingen,SA-227AC,No,2.0,Turbo Prop,Part 135: Air Taxi & Commuter,SCHD,Unknown,Pioneer Airlines,0.0,0.0,0.0,5.0,VMC,Takeoff,Probable Cause,20-12-1983,Swearingen SA-227AC
20020917X04378,Accident,ATL83LA069,1982-12-20,"COLUMBIA, SC",United States,,,CAE,COLUMBIA,Non-Fatal,Substantial,Airplane,N41336,Piper,PA-34-200,No,2.0,Reciprocating,Part 135: Air Taxi & Commuter,NSCH,Unknown,"Bankair, Inc.",0.0,0.0,0.0,1.0,VMC,Landing,Probable Cause,20-12-1983,Piper PA-34-200
20020917X05143,Incident,SEA83IA034,1982-12-22,"KLAMATH FALLS, OR",United States,,,,KINGSLEY FIELD,Incident,Minor,Airplane,N5475M,Swearingen,SA-226TC,No,2.0,Turbo Prop,Part 135: Air Taxi & Commuter,SCHD,Unknown,Gatx Third Aircraft Corp.,0.0,0.0,0.0,11.0,IMC,Takeoff,Probable Cause,22-12-1983,Swearingen SA-226TC
20020917X04728,Accident,FTW83LA074,1982-12-31,"HOUSTON, TX",United States,,,T17,WEISER,Non-Fatal,Substantial,Airplane,N6610Y,Cessna,210N,No,1.0,Reciprocating,Part 135: Air Taxi & Commuter,NSCH,Unknown,Air Exchange,0.0,0.0,0.0,1.0,VMC,Cruise,Probable Cause,31-12-1983,Cessna 210N
20020917X04248,Accident,ANC83LA038,1982-12-31,"NUNAPITCHUK, AK",United States,,,98Z,NUNAPITCHUK,Non-Fatal,Substantial,Airplane,N4246T,Piper,PA-32,No,1.0,Reciprocating,Part 135: Air Taxi & Commuter,NSCH,Unknown,Delaire Charter Service,0.0,0.0,0.0,7.0,VMC,Takeoff,Probable Cause,31-12-1983,Piper PA-32
20001214X38563,Accident,DEN84LA075,1984-01-26,"BUFFALO, WY",United States,,,,,Non-Fatal,Substantial,Helicopter,N4507C,Hughes,369HS,No,1.0,Turbo Shaft,Part 135: Air Taxi & Commuter,NSCH,Unknown,Soloy Heliops,0.0,0.0,0.0,2.0,VMC,Takeoff,Probable Cause,05-06-2019,Hughes 369HS
20001214X38957,Accident,ATL84LA120,1984-03-14,"MYRTLE BEACH, SC",United States,,,CRE,GRAND STRAND,Non-Fatal,Substantial,Airplane,N7994R,Beech,99,No,2.0,Turbo Prop,Part 135: Air Taxi & Commuter,NSCH,Unknown,"Mountain Air Cargo, Inc.",0.0,0.0,0.0,1.0,VMC,Landing,Probable Cause,24-09-2018,Beech 99
20001214X41363,Incident,FTW85IA028,1984-10-26,"TULSA, OK",United States,,,TUL,TULSA INTL',Incident,Minor,Airplane,N511SS,Swearingen,SA226TC,No,2.0,Turbo Prop,Part 135: Air Taxi & Commuter,SCHD,Unknown,Scheduled Skyways,0.0,0.0,0.0,9.0,IMC,Cruise,Probable Cause,05-06-2019,Swearingen SA226TC
20001214X41679,Incident,SEA85IA024,1984-11-29,"PULLMAN, WA",United States,,,PUW,PULLMAN-MOSCOW,Incident,Minor,,N1014T,Fairchild Swearingen,SA 227,No,2.0,Turbo Prop,,SCHD,Unknown,Cascade Airways (dba: Spokane Int'l Airport),0.0,0.0,0.0,15.0,IMC,Takeoff,Probable Cause,30-09-1994,Fairchild Swearingen SA 227
20010110X00152,Accident,DEN86FA069,1986-01-27,"MISSOULA, MT",United States,,,MSO,MISSOULA,Non-Fatal,Substantial,,N5019K,Bell,206L-1,No,1.0,Turbo Shaft,,NSCH,Unknown,Minuteman Aviation (dba: [ems]),0.0,0.0,0.0,3.0,VMC,Takeoff,Probable Cause,18-06-1987,Bell 206L-1
20001213X34849,Accident,MKC86LA193,1986-09-22,"OLD MONROE, MO",United States,,,,SPRIT OF ST. LOUIS,Non-Fatal,Substantial,,N6163N,Cessna,T210M,No,1.0,Reciprocating,,NSCH,Unknown,"Roederer Aviation, Inc.",0.0,0.0,0.0,3.0,VMC,Descent,Probable Cause,25-04-1988,Cessna T210M
20001213X35000,Accident,LAX87LA030,1986-10-30,"ELEELE KAUAI, HI",United States,,,PAK,PORT ALLEN,Non-Fatal,Substantial,,N33WH,Piper,PA-31-350,No,2.0,Reciprocating,,NSCH,Unknown,(dba: Panorama Air Tours),0.0,0.0,0.0,10.0,VMC,Cruise,Probable Cause,10-03-1988,Piper PA-31-350
20001213X34977,Incident,LAX87IA029,1986-10-31,"SANTA ANA, CA",United States,,,,,Incident,Minor,,N363PS,British Aerospace,BAE 146-200,No,4.0,Turbo Fan,,SCHD,Unknown,Pacific Southwest Airlines,0.0,0.0,0.0,42.0,VMC,Takeoff,Probable Cause,30-03-1988,British Aerospace BAE 146-200
20001213X35418,Accident,NYC87DNC03,1986-12-03,"BARRE, VT",United States,,,MPV,EDWARD F. KNAPP STATE,Non-Fatal,Substantial,,N6375U,Aero Commander,680,No,2.0,Reciprocating,,NSCH,Unknown,Energy Air Center Charters (dba: Air Parcel Express),0.0,0.0,0.0,1.0,VMC,Landing,Probable Cause,17-03-1988,Aero Commander 680
20001213X35377,Accident,LAX87LA048,1986-12-13,"SAN JOSE, CA",United States,,,RHV,REID HILLVIEW,Non-Fatal,Substantial,,N2209Q,Piper,PA-32R-300,No,1.0,Reciprocating,,NSCH,Unknown,Flight East Inc.,0.0,0.0,0.0,1.0,VMC,Climb,Probable Cause,10-03-1988,Piper PA-32R-300
20001213X35320,Accident,CHI87FA057,1986-12-29,"WHEELING, IL",United States,,,PWK,PAL-WAUKEE,Non-Fatal,Substantial,,N8281Y,Piper,PA-32-301,No,1.0,Reciprocating,,NSCH,Unknown,"Tradewinds Aviation, Inc.",0.0,0.0,0.0,4.0,IMC,Climb,Probable Cause,25-04-1988,Piper PA-32-301
20001213X30158,Accident,SEA87LA044,1987-01-08,"SHOAL COVE, AK",United States,,,,,Non-Fatal,Substantial,,N1018H,De Havilland,BEAVER DHC-2,No,1.0,Reciprocating,,NSCH,Unknown,Foster Goodrich (dba: Taquan Air Service),0.0,0.0,0.0,2.0,VMC,Taxi,Probable Cause,25-04-1988,De Havilland BEAVER DHC-2
20001213X30103,Accident,LAX87LA086,1987-01-10,"YUMA, AZ",United States,,,YUM,YUMA INT'L,Non-Fatal,Substantial,,N165SW,Swearingen,SA227-AC,No,2.0,Turbo Prop,,SCHD,Unknown,Sky West Airlines,0.0,0.0,0.0,5.0,VMC,Landing,Probable Cause,27-12-1988,Swearingen SA227-AC
20001213X30027,Incident,ATL87IA062,1987-01-19,"CLEVELAND, OH",United States,,,CLE,CLEVELAND HOPKINS INTL.,Incident,Minor,,N88FB,Dornier,DO228,No,2.0,Turbo Prop,,SCHD,Unknown,Fischer Brothers Aviation (dba: Northwest Airlink),0.0,0.0,0.0,6.0,IMC,Descent,Probable Cause,10-07-1989,Dornier DO228
20001213X30165,Accident,SEA87LA052,1987-01-24,"SPOKANE, WA",United States,,,,,Non-Fatal,Substantial,,N9322X,Cessna,182R II,No,1.0,Reciprocating,,NSCH,Unknown,Corporate Air Services,0.0,0.0,0.0,3.0,IMC,Approach,Probable Cause,25-04-1988,Cessna 182R II
20001213X30051,Incident,CHI87IA067,1987-01-25,"FORT WAYNE, IN",United States,,,,,Incident,Minor,,N7015U,Boeing,727-122,No,3.0,Turbo Fan,,SCHD,Unknown,United Airlines,0.0,0.0,0.0,6.0,VMC,Cruise,Probable Cause,10-07-1989,Boeing 727-122
20001213X30119,Incident,MIA87IA078,1987-01-28,"ORLANDO, FL",United States,,,MCO,ORLANDO INTERNATIONAL,Incident,Minor,,N101EX,British Aircraft Corp. (bac),BAC 1-11 201,No,2.0,Turbo Fan,,SCHD,Unknown,"Florida Express,inc.",0.0,0.0,0.0,38.0,VMC,Taxi,Probable Cause,10-07-1989,British Aircraft Corp. (bac) BAC 1-11 201
20001213X30163,Accident,SEA87LA049,1987-01-28,"LAS VEGAS, NV",United States,,,LAS,MCCARAN INT'L,Non-Fatal,Substantial,,N69310,Cessna,402B,No,2.0,Reciprocating,,NSCH,Unknown,(dba: South Aero Serv. Inc.),0.0,0.0,0.0,1.0,VMC,Approach,Probable Cause,30-03-1988,Cessna 402B
20001213X30182,Accident,ATL87LA070,1987-02-05,"FLORENCE, SC",United States,,,FLO,FLORENCE,Non-Fatal,Substantial,,N1013G,Swearingen,SA-226TC,No,2.0,Turbo Prop,,SCHD,Unknown,(dba: Eastern Atlantis Express),0.0,0.0,0.0,7.0,VMC,Landing,Probable Cause,25-04-1988,Swearingen SA-226TC
20001213X30304,Accident,NYC87FA085,1987-02-11,"ONEONTA, NY",United States,,,N66,ONEONTA MUNICIPAL,Non-Fatal,Substantial,,N699CA,Beech,99,No,2.0,Turbo Prop,,SCHD,Unknown,"Catskill Airways,inc.",0.0,0.0,0.0,9.0,VMC,Landing,Probable Cause,24-04-1989,Beech 99
20001213X30224,Accident,DEN87LA060,1987-02-26,"ENGLEWOOD, CO",United States,,,APA,CENTENNIAL,Non-Fatal,Substantial,,N888DJ,Gates Learjet,35A,No,2.0,Turbo Jet,,NSCH,Unknown,Personal Jet Charter,0.0,0.0,0.0,3.0,IMC,Takeoff,Probable Cause,10-03-1988,Gates Learjet 35A
20001213X30524,Accident,MKC87LA057,1987-03-05,"NORFOLK, NE",United States,,,OFK,KARL STEFAN MEM.,Non-Fatal,Substantial,,N890AC,Embraer,EMB-110,No,2.0,Turbo Prop,,SCHD,Unknown,Mid Continent Airlines,0.0,0.0,0.0,5.0,VMC,Descent,Probable Cause,30-03-1988,Embraer EMB-110
20001213X30548,Accident,SEA87FA064,1987-03-17,"WALLA WALLA, WA",United States,,,ALW,WALLA WALLA CITY COUNTY,Non-Fatal,Substantial,,N4549Q,Cessna,402A,No,2.0,Reciprocating,,NSCH,Unknown,"Richardson Aviation, Inc.",0.0,0.0,0.0,1.0,VMC,Landing,Probable Cause,27-05-1988,Cessna 402A
20001213X30423,Accident,DEN87LA067A,1987-03-18,"MISSOULA, MT",United States,,,MSO,MISSOULA,Non-Fatal,Minor,,N3529W,Piper,PA-31-350,No,2.0,Reciprocating,,NSCH,Unknown,"Bighorn Airways, Inc.",0.0,0.0,0.0,10.0,VMC,Taxi,Probable Cause,02-05-1988,Piper PA-31-350
20001213X30423,Accident,DEN87LA067B,1987-03-18,"MISSOULA, MT",United States,,,MSO,MISSOULA,Non-Fatal,Substantial,,N124AV,Swearingen,SA-226TC,No,2.0,Turbo Prop,,SCHD,Unknown,Big Sky Airlines,0.0,0.0,0.0,10.0,VMC,Standing,Probable Cause,02-05-1988,Swearingen SA-226TC
20001213X30553,Accident,SEA87LA066,1987-03-19,"LOPEZ ISLAND, WA",United States,,,,,Non-Fatal,Substantial,,N64728,Cessna,172,No,1.0,Reciprocating,,NSCH,Unknown,(dba: West Isle Air),0.0,0.0,0.0,3.0,VMC,Cruise,Probable Cause,02-05-1988,Cessna 172
20001213X30780,Accident,MKC87LA080,1987-04-06,"COLUMBIA, MO",United States,,,,,Non-Fatal,Substantial,,N26863,Fairchild,SA-227,No,2.0,Turbo Prop,,SCHD,Unknown,"Resort Air,inc.",0.0,0.0,0.0,2.0,VMC,Unknown,Probable Cause,27-12-1988,Fairchild SA-227
20001213X30740,Incident,MIA87IA131,1987-04-07,"FT.LAUDERDALE, FL",United States,,,FLL,FT. LAUDERDALE-HOLLYWOOD,Incident,Minor,,N7665Q,Cessna,310Q,No,2.0,Reciprocating,,NSCH,Unknown,"Rsvp Usa,inc.",0.0,0.0,0.0,6.0,VMC,Landing,Probable Cause,10-07-1989,Cessna 310Q
20001213X30826,Accident,SEA87LA078,1987-04-12,"BURNETT INLET, AK",United States,,,,,Non-Fatal,Substantial,,N1774R,Cessna,185,No,1.0,Reciprocating,,NSCH,Unknown,(dba: Diamond Aviation),0.0,0.0,0.0,1.0,VMC,Landing,Probable Cause,10-03-1988,Cessna 185
20001213X30982,Incident,MIA87IA166,1987-05-29,"CARACAS, Venezuela",Venezuela,,,,,Incident,Minor,,N813FT,Boeing,747-245F,No,4.0,Turbo Fan,,SCHD,Unknown,Venezuelan Int'l Airways,0.0,0.0,0.0,3.0,UNK,Unknown,Probable Cause,10-07-1989,Boeing 747-245F
20001213X31077,Accident,ATL87FA161B,1987-06-05,"ATLANTA, GA",United States,,,,WMS.B HARTSFIELD ATL INTL,Non-Fatal,Substantial,,N1653W,Beech,58,No,2.0,Reciprocating,,NSCH,Unknown,"New Creations,inc. (dba: Financial Air Express)",0.0,0.0,0.0,3.0,VMC,Taxi,Probable Cause,31-08-1988,Beech 58
20001213X31077,Accident,ATL87FA161A,1987-06-05,"ATLANTA, GA",United States,,,,WMS.B HARTSFIELD ATL INTL,Non-Fatal,Substantial,,N917FE,Cessna,208B,No,1.0,Turbo Prop,,NSCH,Unknown,Mountain Air Cargo,0.0,0.0,0.0,3.0,VMC,Taxi,Probable Cause,31-08-1988,Cessna 208B
20001213X31331,Incident,SEA87IA119,1987-06-19,"SEATTLE, WA",United States,,,BFI,BOEING FIELD,Incident,Minor,,N813PH,De Havilland,DHC-8-101,No,2.0,Turbo Prop,,SCHD,Unknown,"Horizon Air Industries, Inc. (dba: Horizon Airlines)",0.0,0.0,0.0,41.0,VMC,Climb,Probable Cause,10-07-1989,De Havilland DHC-8-101
20001213X31069,Accident,ANC87LA083,1987-06-19,"ALEXANDER RIVER, AK",United States,,,,,Non-Fatal,Substantial,,N5349G,De Havilland,DHC-2,No,1.0,Reciprocating,,NSCH,Unknown,(dba: Ketchum Air Service),0.0,0.0,0.0,5.0,VMC,Takeoff,Probable Cause,10-03-1988,De Havilland DHC-2
20001213X31105,Accident,ATL87LA180,1987-06-22,"DAYTON, OH",United States,,,FFO,WRIGHT PATTERSON AFB,Non-Fatal,Substantial,,N20ST,Lockheed,L-382-30,No,4.0,Turbo Prop,,SCHD,Unknown,"Southern Air Transport,inc.",0.0,0.0,0.0,3.0,VMC,Landing,Probable Cause,13-08-1988,Lockheed L-382-30
20001213X31379,Accident,ATL87DEK01,1987-07-13,"COLUMBUS, OH",United States,,,CMH,PORT COLUMBUS INT'L.,Non-Fatal,Substantial,,N127GS,"Smith, Ted Aerostar",AEROSTAR 600,No,2.0,Reciprocating,,NSCH,Unknown,Air Continental,0.0,0.0,0.0,1.0,VMC,Taxi,Probable Cause,06-10-1988,"Smith, Ted Aerostar AEROSTAR 600"
20001213X31585,Accident,MIA87LA207,1987-07-16,"JACKSON, MS",United States,,,JAN,ALLEN C. THOMPSON,Non-Fatal,Substantial,,N133ME,Israel Aircraft Industries,1121,No,2.0,Turbo Jet,,NSCH,Unknown,Trans Aero Corporation,0.0,0.0,0.0,5.0,VMC,Takeoff,Probable Cause,31-08-1988,Israel Aircraft Industries 1121
20001213X31494,Accident,DEN87LA212,1987-07-28,"CUBA, NM",United States,,,,,Non-Fatal,Substantial,,N1648T,Cessna,414,No,2.0,Reciprocating,,NSCH,Unknown,(dba: New Mexico Flying Service),0.0,0.0,0.0,3.0,VMC,Landing,Probable Cause,25-10-1988,Cessna 414
20001213X31830,Accident,LAX87FA290A,1987-08-04,"PALMDALE, CA",United States,,,PMD,PALMDALE,Non-Fatal,Substantial,,N931MA,De Havilland,DHC-6,No,2.0,Turbo Prop,,SCHD,Unknown,Resort Commuter Inc. (dba: Trans World Express),0.0,0.0,0.0,11.0,VMC,Descent,Probable Cause,07-06-1989,De Havilland DHC-6
20001213X31800,Accident,FTW87FA190,1987-08-07,"GEORGETOWN, TX",United States,,,TS01,GEORGETOWN,Non-Fatal,Substantial,,N8873Q,Cessna,206G,No,1.0,Reciprocating,,NSCH,Unknown,"Air Express,inc. (dba: Express Air,inc.)",0.0,0.0,0.0,3.0,VMC,Cruise,Probable Cause,11-01-1989,Cessna 206G
20001213X31803,Accident,FTW87FA198,1987-08-12,"PLEDGER, TX",United States,,,,,Non-Fatal,Substantial,,N33PW,Bell,206B,No,1.0,Turbo Shaft,,NSCH,Unknown,Houston Helicopters,0.0,0.0,0.0,4.0,VMC,Cruise,Probable Cause,24-04-1989,Bell 206B
20001213X31802,Accident,FTW87FA197,1987-08-12,"MEXIA, TX",United States,,,,,Non-Fatal,Substantial,,N8159S,Piper,PA-32R,No,1.0,Reciprocating,,NSCH,Unknown,(dba: Houston Charter Service),0.0,0.0,0.0,1.0,VMC,Cruise,Probable Cause,25-01-1989,Piper PA-32R
20001213X31869,Incident,MIA87IA229,1987-08-23,"W.PALM BEACH, FL",United States,,,PBI,WEST PALM BEACH,Incident,Minor,,N3767C,Cessna,402B,No,2.0,Reciprocating,,SCHD,Unknown,"Chandelle Aviation,inc.",0.0,0.0,0.0,4.0,VMC,Takeoff,Probable Cause,10-07-1989,Cessna 402B
20001213X32113,Accident,LAX87LA322,1987-09-01,"LANAI, HI",United States,,,LNY,LANAI,Non-Fatal,Substantial,,N37808,Government Aircraft Fact (gaf),NOMAD 24A,No,2.0,Turbo Prop,,NSCH,Unknown,Inter Island Air,0.0,0.0,0.0,1.0,VMC,Cruise,Probable Cause,24-04-1989,Government Aircraft Fact (gaf) NOMAD 24A
20001213X32030,Accident,CHI87LA200,1987-09-02,"APPLETON, WI",United States,,,ATW,OUTAGAMIE COUNTY,Non-Fatal,Substantial,,N9168N,Aero Commander,690,No,2.0,Turbo Prop,,NSCH,Unknown,Maxair,0.0,0.0,0.0,5.0,VMC,Cruise,Probable Cause,25-10-1988,Aero Commander 690
20001213X32004,Accident,ATL87LA254B,1987-09-10,"COLUMBUS, OH",United States,,,CMH,COLUMBUS,Non-Fatal,Minor,,N3643D,Piper,PA-60-600,No,2.0,Reciprocating,,NSCH,Unknown,"New Creations,inc.",0.0,0.0,0.0,2.0,VMC,Taxi,Probable Cause,14-02-1989,Piper PA-60-600
20001213X32004,Accident,ATL87LA254A,1987-09-10,"COLUMBUS, OH",United States,,,CMH,COLUMBUS,Non-Fatal,Substantial,,N8073J,Aerostar,600,No,2.0,Reciprocating,,NSCH,Unknown,"New Creations,inc. (dba: Pdq Air Ser. & Finan.air Exp.)",0.0,0.0,0.0,2.0,VMC,Standing,Probable Cause,14-02-1989,Aerostar 600
20001213X32093,Accident,FTW87LA217,1987-09-14,"WICHITA FALLS, TX",United States,,,SPS,WICHITA FALLS,Non-Fatal,Substantial,,N6249Q,Cessna,401A,No,2.0,Reciprocating,,NSCH,Unknown,Martinair,0.0,0.0,0.0,1.0,VMC,Taxi,Probable Cause,11-01-1989,Cessna 401A
20001213X32149,Accident,MIA87LA247,1987-09-15,"TAMPA, FL",United States,,,TPA,TAMPA,Non-Fatal,Substantial,,N211PD,Beech,200,No,2.0,Turbo Prop,,NSCH,Unknown,Holiday Air,0.0,0.0,0.0,5.0,VMC,Taxi,Probable Cause,07-10-1988,Beech 200
20001213X32140,Incident,MIA87IA246,1987-09-16,"W.PALM BEACH, FL",United States,,,PBI,PALM BEACH INT'L,Incident,Minor,,N9784Q,Piper,PA-60,No,2.0,Reciprocating,,NSCH,Unknown,"Top Flight Service,inc.",0.0,0.0,0.0,1.0,VMC,Landing,Probable Cause,10-07-1989,Piper PA-60
20001213X31977,Accident,ANC87LA158,1987-09-17,"TWO LAKES, AK",United States,,,,,Non-Fatal,Substantial,,N1786U,Cessna,207,No,1.0,Reciprocating,,NSCH,Unknown,(dba: Kenai Aviation),0.0,0.0,0.0,3.0,VMC,Takeoff,Probable Cause,07-10-1988,Cessna 207
20001213X32168,Accident,MKC87LA178,1987-09-25,"KANSAS CITY, MO",United States,,,MCI,KANSAS CITY INTERNATIONAL,Non-Fatal,Substantial,,N192CA,Aero Commander,500B,No,2.0,Reciprocating,,NSCH,Unknown,"Central Airlines,inc.",0.0,0.0,0.0,1.0,VMC,Landing,Probable Cause,24-04-1989,Aero Commander 500B
20001213X32173,Accident,MKC87LA183,1987-09-30,"AMES, IA",United States,,,,,Non-Fatal,Substantial,,N2UE,Cessna,401,No,2.0,Reciprocating,,NSCH,Unknown,"Jet Air, Inc.",0.0,0.0,0.0,3.0,VMC,Climb,Probable Cause,14-02-1989,Cessna 401
20001213X32369,Accident,LAX88LA022,1987-10-23,"AVALON, CA",United States,,,AVX,CATALINA,Non-Fatal,Substantial,,N3798C,Cessna,402B,No,2.0,Turbo Prop,,NSCH,Unknown,Eagle Aviation Inc,0.0,0.0,0.0,1.0,VMC,Landing,Probable Cause,24-04-1989,Cessna 402B
20001213X32578,Accident,MIA88LA026,1987-11-03,"ORLANDO, FL",United States,,,MCO,ORLANDO INTL,Non-Fatal,Substantial,,N888DJ,Learjet,35A,No,2.0,Turbo Fan,,NSCH,Unknown,"Bizjet, Inc.",0.0,0.0,0.0,5.0,IMC,Approach,Probable Cause,14-02-1989,Learjet 35A
20001213X32576,Incident,MIA88IA028,1987-11-06,"GULFPORT, MS",United States,,,GPT,GULFPORT BILOXI REGIONAL,Incident,Minor,,N6724D,Beech,99,No,2.0,Turbo Prop,,SCHD,Unknown,Air New Orleans (dba: Continental Express),0.0,0.0,0.0,12.0,VMC,Landing,Probable Cause,10-07-1989,Beech 99
20001213X32581,Accident,MIA88LA030,1987-11-09,"TALLAHASSEE, FL",United States,,,TLH,TALLAHASSEE MUNICIPAL,Non-Fatal,Substantial,,N4612C,Cessna,T-210N,No,1.0,Reciprocating,,NSCH,Unknown,"(dba: Tampa Airways, Inc.)",0.0,0.0,0.0,1.0,VMC,Descent,Probable Cause,14-02-1989,Cessna T-210N
20001213X32635,Incident,SEA88IA019,1987-11-17,"PORT ANGELES, WA",United States,,,CLM,WILLIAM FAIRCHILD INT'L,Incident,Minor,,N806BA,Beech,99-A,No,2.0,Turbo Prop,,SCHD,Unknown,(dba: San Juan Airlines),0.0,0.0,0.0,5.0,VMC,Climb,Probable Cause,10-07-1989,Beech 99-A
20001213X32456,Accident,ANC88LA017,1987-11-18,"ATMAUTLUAK, AK",United States,,,08AK,ATMAUTLWAK,Non-Fatal,Substantial,,N9370F,Cessna,208,No,1.0,Turbo Prop,,SCHD,Unknown,"(dba: Ryan Air Service, Inc)",0.0,0.0,0.0,4.0,VMC,Landing,Probable Cause,06-10-1988,Cessna 208
20001213X32730,Incident,MIA88IA052,1987-12-03,"VICKSBURG, MS",United States,,,NONE,EAGLE LAKE,Incident,Minor,,N3012W,Beech,58,No,2.0,Reciprocating,,NSCH,Unknown,"Baton Rouge Air Charter, Inc.",0.0,0.0,0.0,4.0,VMC,Landing,Probable Cause,10-07-1989,Beech 58
20001213X32644,Accident,ANC88DAG01,1987-12-06,"ATMAUTLUAK, AK",United States,,,ATM,ATMAUTLAUK,Non-Fatal,Substantial,,N73503,Cessna,207A,No,1.0,Reciprocating,,SCHD,Unknown,"Ryan Air Service, Inc.",0.0,0.0,0.0,4.0,VMC,Landing,Probable Cause,27-12-1988,Cessna 207A
20001213X32738,Accident,MIA88LA057A,1987-12-09,"NATCHEZ, MS",United States,,,,,Non-Fatal,Substantial,,N24JE,Beech,E-18S,No,2.0,Reciprocating,,NSCH,Unknown,"Aerovation, Inc.",0.0,0.0,0.0,2.0,VMC,Cruise,Probable Cause,14-02-1989,Beech E-18S
20001213X32789,Accident,SEA88LA082,1987-12-10,"SILVERDALE, WA",United States,,,S42,APEX,Non-Fatal,Substantial,,N4953Z,Cessna,TU206G,No,1.0,Reciprocating,,NSCH,Unknown,(dba: Galvins' Flying Service),0.0,0.0,0.0,5.0,VMC,Landing,Probable Cause,31-03-1989,Cessna TU206G
20001213X32731,Incident,MIA88IA068,1987-12-20,"TAMPA, FL",United States,,,TPA,TAMPA INTL.,Incident,Minor,,N6724D,Beech,99,No,2.0,Turbo Prop,,SCHD,Unknown,Air New Orleans,0.0,0.0,0.0,5.0,VMC,Approach,Probable Cause,10-07-1989,Beech 99
20001213X24830,Accident,ANC88LA023,1988-01-04,"AKIACHAK, AK",United States,,,2-13,AKIACHAK,Non-Fatal,Substantial,,N73036,Cessna,207,No,1.0,Reciprocating,,NSCH,Unknown,Yute Air Service,0.0,0.0,0.0,5.0,VMC,Landing,Probable Cause,30-03-1989,Cessna 207
20001213X24958,Accident,MKC88FA037,1988-01-08,"DEWITT, AR",United States,,,5MI,DEWITT MUNICIPAL,Non-Fatal,Substantial,,N4613S,Beech,58,No,2.0,Reciprocating,,NSCH,Unknown,Central Flying Service Inc.,0.0,0.0,0.0,6.0,VMC,Landing,Probable Cause,30-03-1989,Beech 58
20001213X24866,Incident,CHI88IA045,1988-01-18,"WATERLOO, IA",United States,,,,,Incident,Minor,,N421MQ,Aerospatiale,ATR-42,No,2.0,Turbo Prop,,SCHD,Unknown,Simmons Airlines,0.0,0.0,0.0,6.0,VMC,Cruise,Probable Cause,25-01-1990,Aerospatiale ATR-42
20001213X24932,Accident,LAX88LA096,1988-01-18,"PRESCOTT, AZ",United States,,,PRC,LOVE FIELD,Non-Fatal,Substantial,,N6842Q,Cessna,402C,No,2.0,Reciprocating,,SCHD,Unknown,Golden Pacific (dba: Golden Pacific Airlines),0.0,0.0,0.0,9.0,IMC,Landing,Probable Cause,21-07-1989,Cessna 402C
20001213X24902,Incident,FTW88IA055,1988-01-20,"COLLEGE STATION, TX",United States,,,CLL,EASTERWOOD FIELD,Incident,Minor,,N3107P,Swearingen,SA227-AC,No,2.0,Turbo Prop,,SCHD,Unknown,"Trans Colorado Airlines, Inc.",0.0,0.0,0.0,7.0,VMC,Takeoff,Probable Cause,25-01-1990,Swearingen SA227-AC
20001213X25145,Accident,NYC88LA071,1988-02-01,"BANGOR, ME",United States,,,BGR,BANGER INTL,Non-Fatal,Substantial,,N4175G,Cessna,402B,No,2.0,Reciprocating,,NSCH,Unknown,Northeast Aeromotive,0.0,0.0,0.0,3.0,VMC,Takeoff,Probable Cause,16-01-1990,Cessna 402B
20001213X25159,Accident,NYC88LA091,1988-02-02,"HYANNIS, MA",United States,,,HYA,HYANNIS,Non-Fatal,Substantial,,N5461V,Cessna,303,No,2.0,Reciprocating,,NSCH,Unknown,Hyannis Aviation,0.0,0.0,0.0,4.0,VMC,Landing,Probable Cause,03-12-1989,Cessna 303
20001213X25132,Accident,MKC88LA049,1988-02-10,"BURLINGTON, IA",United States,,,BRL,BURLINGTON,Non-Fatal,Substantial,,N2230D,Piper,PA-34-200T,No,2.0,Reciprocating,,NSCH,Unknown,Remmers Aviation,0.0,0.0,0.0,3.0,IMC,Taxi,Probable Cause,30-03-1989,Piper PA-34-200T
20001213X24991,Accident,ANC88LA030,1988-02-12,"BREVIG MISSION, AK",United States,,,KTS,BREVIG MISSION,Non-Fatal,Substantial,,N9950M,Cessna,207,No,1.0,Reciprocating,,NSCH,Unknown,Cape Smythe Air Service (dba: Cape Smythe Air Service),0.0,0.0,0.0,1.0,VMC,Taxi,Probable Cause,30-03-1989,Cessna 207
20001213X24993,Accident,ANC88LA032,1988-02-23,"KIPNUK, AK",United States,,,,KIPNUK,Non-Fatal,Substantial,,N8429N,Piper,PA-32-300,No,1.0,Reciprocating,,NSCH,Unknown,"Kipnuk Air, Inc. (dba: Kipnuk Air, Inc.)",0.0,0.0,0.0,7.0,IMC,Takeoff,Probable Cause,30-03-1989,Piper PA-32-300
20001213X25008,Accident,ATL88LA099,1988-02-24,"MORGANTON, NC",United States,,,MRN,MORGANTON-LENOIR,Non-Fatal,Substantial,,N1480K,Beech,18S,No,2.0,Reciprocating,,NSCH,Unknown,"Saber Aviation, Inc. (dba: Saber Cargo Airlines)",0.0,0.0,0.0,1.0,VMC,Takeoff,Probable Cause,28-02-1989,Beech 18S
20001213X25164,Accident,NYC88LA097,1988-02-26,"ALBANY, NY",United States,,,ALB,ALBANY,Non-Fatal,Substantial,,N7243R,Beech,1900,No,2.0,Turbo Prop,,SCHD,Unknown,Brockway Air Inc. (ny) (dba: Piedmont Commuter System),0.0,0.0,0.0,12.0,VMC,Taxi,Probable Cause,11-09-1989,Beech 1900
20001213X25195,Incident,ATL88IA102,1988-03-03,"BIRMINGHAM, AL",United States,,,BHM,BIRMINGHAM MUNICIPAL,Incident,Minor,,N422NE,Government Aircraft Fact (gaf),NOMAD N22B,No,2.0,Turbo Prop,,NSCH,Unknown,Air New Orleans (dba: Continental Express),0.0,0.0,0.0,6.0,IMC,Cruise,Probable Cause,25-01-1990,Government Aircraft Fact (gaf) NOMAD N22B
20001213X25196,Incident,ATL88IA107,1988-03-09,"ATLANTA, GA",United States,,,ATL,WILLIAM B HARTSFIELD INTL,Incident,Minor,,N310DA,Boeing,737-232,No,2.0,Turbo Fan,,SCHD,Unknown,"Delta Air Lines, Inc. (dba: Delta Air Lines)",0.0,0.0,0.0,26.0,VMC,Taxi,Probable Cause,25-01-1990,Boeing 737-232
20001213X25237,Accident,CHI88LA076,1988-03-10,"DIXON, IL",United States,,,C73,DIXON MUNI,Non-Fatal,Substantial,,N4072D,Piper,PA-31-350,No,2.0,Reciprocating,,NSCH,Unknown,Blackhawk Air Service,0.0,0.0,0.0,3.0,VMC,Approach,Probable Cause,28-11-1989,Piper PA-31-350
20001213X25182,Accident,ANC88LA039,1988-03-11,"RUBY, AK",United States,,,RBY,RUBY,Non-Fatal,Substantial,,N70364,Cessna,207,No,1.0,Reciprocating,,NSCH,Unknown,(dba: Galena Air Service),0.0,0.0,0.0,1.0,VMC,Maneuvering,Probable Cause,30-03-1989,Cessna 207
20001213X25251,Incident,DEN88IA083,1988-03-16,"BILLINGS, MT",United States,,,,,Incident,Minor,,N2180S,Cessna,210,No,1.0,Reciprocating,,NSCH,Unknown,"(dba: Lynch Flying Service, Inc.)",0.0,0.0,0.0,3.0,VMC,Cruise,Probable Cause,25-01-1990,Cessna 210
20001213X25316,Accident,MKC88FA067,1988-03-22,"EXCELSIOR SPGS, MO",United States,,,3EX,EXCELSIOR SPRINGS,Non-Fatal,Destroyed,,N62526,Piper,PA-23-250,No,2.0,Reciprocating,,NSCH,Unknown,Viking Express,0.0,0.0,0.0,1.0,VMC,Approach,Probable Cause,19-09-1989,Piper PA-23-250
20001213X25447,Accident,DEN88FA091,1988-04-02,"SILVER PLUME, CO",United States,,,,,Non-Fatal,Substantial,,N72590,Aerospatiale,SA316B,No,1.0,Turbo Shaft,,NSCH,Unknown,(dba: [ems]),0.0,0.0,0.0,4.0,VMC,Cruise,Probable Cause,28-02-1989,Aerospatiale SA316B
20001213X25513,Incident,MIA88IA150,1988-04-15,"JACKSONVILLE, FL",United States,,,CRG,CRAIG MUNICIPAL,Incident,Minor,,N796Q,Beech,58,No,2.0,Reciprocating,,NSCH,Unknown,"Flight Express, Inc.",0.0,0.0,0.0,1.0,VMC,Landing,Probable Cause,25-01-1990,Beech 58
20001213X25369,Accident,ANC88LA048,1988-04-18,"CANTWELL, AK",United States,,,,PRIVATE AIRSTRIP,Non-Fatal,Substantial,,N51205,Cessna,206,No,1.0,Reciprocating,,NSCH,Unknown,Airlift Alaska,0.0,0.0,0.0,3.0,VMC,Takeoff,Probable Cause,25-04-1989,Cessna 206
20001213X25384,Incident,ATL88IA146,1988-04-22,"DOTHAN, AL",United States,,,,,Incident,Minor,,N804MX,De Havilland,DHC-8-101/102,No,2.0,Turbo Prop,,SCHD,Unknown,Eastern Metro Express,0.0,0.0,0.0,24.0,VMC,Cruise,Probable Cause,25-01-1990,De Havilland DHC-8-101/102
20001213X25596,Accident,ATL88FA162,1988-05-02,"ATLANTA, GA",United States,,,ATL,HARTSFIELD,Non-Fatal,Substantial,,N2025W,Beech,55,No,2.0,Reciprocating,,NSCH,Unknown,James Flying Service,0.0,0.0,0.0,4.0,VMC,Takeoff,Probable Cause,02-10-1989,Beech 55
20001213X25602,Incident,ATL88IA171,1988-05-12,"REIDSVILLE, NC",United States,,,NC14,ROCKINGHAM COUNTY,Incident,Minor,,N101UC,Aerospatiale,AS-355-F,No,2.0,Turbo Shaft,,NSCH,Unknown,(dba: [ems]),0.0,0.0,0.0,4.0,VMC,Cruise,Probable Cause,25-01-1990,Aerospatiale AS-355-F
20001213X25634,Accident,BFO88LA048,1988-05-14,"MATHEW, VA",United States,,,9VA1,HOLLY POINT,Non-Fatal,Substantial,,N6449R,Cessna,172RG,No,1.0,Reciprocating,,NSCH,Unknown,Mideastern Airways Inc.,0.0,0.0,0.0,3.0,VMC,Takeoff,Probable Cause,03-12-1989,Cessna 172RG
20001213X25598,Accident,ATL88FA173,1988-05-16,"ATLANTA, GA",United States,,,ATL,ATLANTA HARTSFIELD,Non-Fatal,Substantial,,N1013G,Swearingen,SA-226-TC,No,2.0,Turbo Prop,,SCHD,Unknown,"Atlantis Airlines, Inc. (dba: Eastern Atlantis Express)",0.0,0.0,0.0,12.0,VMC,Landing,Probable Cause,02-10-1989,Swearingen SA-226-TC
20001213X25693,Incident,FTW88IA109,1988-05-24,"NEW ORLEANS, LA",United States,,,,,Incident,Minor,,N75356,Boeing,737-3T0,No,2.0,Turbo Fan,,SCHD,Unknown,Taca International Airlines,0.0,0.0,0.0,45.0,VMC,Descent,Probable Cause,25-03-1991,Boeing 737-3T0
20001213X26058,Accident,NYC88LA152,1988-06-01,"UTICA, NY",United States,,,,,Non-Fatal,Substantial,,N20PA,Beech,H18,No,2.0,Reciprocating,,NSCH,Unknown,"Sair Aviation, Inc.",0.0,0.0,0.0,1.0,VMC,Climb,Probable Cause,24-11-1989,Beech H18
20001213X25890,Accident,CHI88FA128,1988-06-05,"CHICAGO, IL",United States,,,MDW,MIDWAY,Non-Fatal,Substantial,,N259MC,Dornier,228-201,No,2.0,Turbo Prop,,SCHD,Unknown,(dba: Midway Commuter),0.0,0.0,0.0,3.0,VMC,Taxi,Probable Cause,07-08-1989,Dornier 228-201
20001213X25891,Accident,CHI88FA143,1988-06-24,"CLEVELAND, OH",United States,,,CLE,CLEVELAND HOPKINS,Non-Fatal,Substantial,,N30GA,Short Brothers,SC.7,No,2.0,Turbo Prop,,NSCH,Unknown,Air Cargo Carriers,0.0,0.0,0.0,1.0,VMC,Landing,Probable Cause,31-01-1990,Short Brothers SC.7
20001213X25847,Accident,ANC88LA078,1988-06-27,"BARTER ISLAND, AK",United States,,,,,Non-Fatal,Substantial,,N53042,Cessna,185F,No,1.0,Reciprocating,,NSCH,Unknown,Canning Air Service (dba: Canning Air Service),0.0,0.0,0.0,4.0,VMC,Takeoff,Probable Cause,28-02-1989,Cessna 185F
20001213X26074,Incident,SEA88IA121,1988-06-30,"SEATTLE, WA",United States,,,SEA,SEATTLE TACOMA,Incident,Minor,,N791FT,Mcdonnell Douglas,DC-8-73F,No,4.0,Turbo Fan,,NSCH,Unknown,Emery Air Freight (dba: Rosenbalm Aviation),0.0,0.0,0.0,4.0,VMC,Landing,Probable Cause,25-01-1990,Mcdonnell Douglas DC-8-73F
20001213X26363,Accident,NYC88LA173,1988-07-01,"AKRON, NY",United States,,,9G3,AKRON,Non-Fatal,Substantial,,N1954H,Piper,PA-32-300,No,1.0,Reciprocating,,NSCH,Unknown,Rex Miller Flying Service,0.0,0.0,0.0,4.0,VMC,Takeoff,Probable Cause,09-07-1990,Piper PA-32-300
20001213X26168,Incident,CHI88IA157,1988-07-06,"INDIANAPOLIS, IN",United States,,,IND,INDIANAPOLIS INT'L,Incident,Minor,,N3063W,Beech,C99,No,2.0,Turbo Prop,,SCHD,Unknown,"Air Kentucky Airlines, Inc. (dba: Allegheny Commuter)",0.0,0.0,0.0,12.0,VMC,Climb,Probable Cause,11-06-1990,Beech C99
20001213X26396,Accident,SEA88LA133,1988-07-08,"SEATTLE, WA",United States,,,WA57,LAKE UNION,Non-Fatal,Substantial,,N67679,De Havilland,DHC-2,No,1.0,Reciprocating,,SCHD,Unknown,"Kenmore Air Harbor, Inc.",0.0,0.0,0.0,3.0,VMC,Landing,Probable Cause,14-04-1989,De Havilland DHC-2
20001213X26200,Incident,DEN88IA167,1988-07-26,"DENVER, CO",United States,,,DEN,STAPLETON INT'L,Incident,Minor,,N1973,Boeing,727-100,No,3.0,Turbo Fan,,NSCH,Unknown,Connie Kallitta Services,0.0,0.0,0.0,5.0,VMC,Taxi,Probable Cause,03-10-1989,Boeing 727-100
20001213X26091,Accident,ANC88FA100,1988-07-27,"ANCHORAGE, AK",United States,,,ANC,ANCHORAGE INT'L,Non-Fatal,Substantial,,N482SA,Fairchild,SA227-AT,No,2.0,Turbo Prop,,SCHD,Unknown,Peninsula Airways (dba: Peninsula Airways),0.0,0.0,0.0,8.0,VMC,Taxi,Probable Cause,19-09-1989,Fairchild SA227-AT
20001213X26564,Incident,FTW88IA145,1988-08-06,"CAMERON, LA",United States,,,,PRIVATE,Incident,Minor,,N3190K,Bell,222UT,No,2.0,Turbo Shaft,,NSCH,Unknown,"Petroleum Helicopters, Inc.",0.0,0.0,0.0,2.0,VMC,Cruise,Probable Cause,11-06-1990,Bell 222UT
20001213X26409,Accident,ANC88LA106,1988-08-08,"COOPER LANDING, AK",United States,,,,,Non-Fatal,Substantial,,N9829M,Cessna,207A,No,1.0,Reciprocating,,NSCH,Unknown,(dba: Trail Lake Flying Service),0.0,0.0,0.0,6.0,VMC,Climb,Probable Cause,14-04-1989,Cessna 207A
20001213X26412,Accident,ANC88LA109,1988-08-14,"KWETHLUK, AK",United States,,,KWT,KWETHLUK,Non-Fatal,Substantial,,N32062,Piper,PA-32,No,1.0,Reciprocating,,NSCH,Unknown,Kusko Aviation (dba: Kusko Aviation Inc),0.0,0.0,0.0,7.0,VMC,Landing,Probable Cause,14-04-1989,Piper PA-32
20001213X26607,Accident,LAX88LA296,1988-08-25,"PRESCOTT, AZ",United States,,,PRC,PRESCOTT,Non-Fatal,Substantial,,N5715C,Cessna,402C,No,2.0,Reciprocating,,SCHD,Unknown,Golden Pacific,0.0,0.0,0.0,9.0,VMC,Taxi,Probable Cause,04-03-1992,Cessna 402C
20001213X26809,Accident,DEN88LA196,1988-09-01,"ANTELOPE WELLS, NM",United States,,,NONE,RANCH STRIP,Non-Fatal,Substantial,,N3184C,Cessna,182RG,No,1.0,Reciprocating,,NSCH,Unknown,Amarillo Flying Service,0.0,0.0,0.0,4.0,VMC,Takeoff,Probable Cause,06-12-1989,Cessna 182RG
20001213X26741,Accident,ANC88LA137,1988-09-11,"RUTH LAKE, AK",United States,,,,,Non-Fatal,Substantial,,N67207,De Havilland,DHC-2,No,1.0,Reciprocating,,NSCH,Unknown,Branch River Air Service,0.0,0.0,0.0,3.0,VMC,Landing,Probable Cause,08-08-1989,De Havilland DHC-2
20001213X26808,Incident,DEN88IA207,1988-09-16,"DENVER, CO",United States,,,DEN,STAPLETON INT'L,Incident,Minor,,N32017,Beech,1900,No,2.0,Turbo Prop,,SCHD,Unknown,Rocky Mountain Airways (dba: Continental Express),0.0,0.0,0.0,9.0,VMC,Descent,Probable Cause,25-01-1990,Beech 1900
20001213X26868,Accident,LAX88LA325,1988-09-16,"LIHUE, HI",United States,,,LIH,LIHUE,Non-Fatal,Substantial,,N278KA,Bell,206L,No,1.0,Turbo Shaft,,NSCH,Unknown,Kenai Air Of Hawaii Inc,0.0,0.0,0.0,7.0,VMC,Approach,Probable Cause,24-11-1989,Bell 206L
20001213X26749,Accident,ANC88LA145,1988-09-21,"CHIP RIVER, AK",United States,,,,,Non-Fatal,Substantial,,N61500,Cessna,185F,No,1.0,Reciprocating,,NSCH,Unknown,Cape Smythe Air Service,0.0,0.0,0.0,4.0,VMC,Landing,Probable Cause,08-08-1989,Cessna 185F
20001213X26750,Accident,ANC88LA146,1988-09-22,"NEW KOLIGANEK, AK",United States,,,KGK,NEW KOLIGANEK,Non-Fatal,Substantial,,N1763U,Cessna,207A,No,1.0,Reciprocating,,NSCH,Unknown,Manokotak Airways,0.0,0.0,0.0,1.0,VMC,Landing,Probable Cause,11-09-1989,Cessna 207A
20001213X26751,Accident,ANC88LA147,1988-09-23,"ZACHER BAY, AK",United States,,,,,Non-Fatal,Substantial,,N53546,De Havilland,DHC-2,No,1.0,Reciprocating,,NSCH,Unknown,"Uyak Air Serivce Inc. (dba: Uyak Air Service, Inc.)",0.0,0.0,0.0,1.0,VMC,Takeoff,Probable Cause,29-09-1989,De Havilland DHC-2
20001213X27166,Accident,SEA89FA006,1988-10-04,"EAST SOUND, WA",United States,,,,,Non-Fatal,Substantial,,N803BA,Beech,B-99A,No,2.0,Turbo Prop,,SCHD,Unknown,(dba: San Juan Airlines),0.0,0.0,0.0,4.0,IMC,Maneuvering,Probable Cause,08-08-1989,Beech B-99A
20001213X27150,Incident,NYC89IA005,1988-10-06,"NEWARK, NJ",United States,,,EWR,NEWARK INT'L,Incident,Minor,,N118FE,Boeing,727-100,No,3.0,Turbo Jet,,SCHD,Unknown,Federal Express (dba: Federal Express Corporation),0.0,0.0,0.0,3.0,VMC,Takeoff,Probable Cause,11-06-1990,Boeing 727-100
20001213X26965,Accident,ANC89LA018,1988-10-10,"AKIACHAK, AK",United States,,,Z13,AKIACHAK,Non-Fatal,Substantial,,N449SA,Cessna,182C,No,1.0,Reciprocating,,NSCH,Unknown,Seagull Air Service Inc.,0.0,0.0,0.0,5.0,VMC,Landing,Probable Cause,02-10-1989,Cessna 182C
20001213X26958,Accident,ANC89LA007,1988-10-10,"PERDE BAY, AK",United States,,,,,Non-Fatal,Substantial,,N9965M,Cessna,207,No,1.0,Reciprocating,,SCHD,Unknown,Cape Smyth Air Services Inc.,0.0,0.0,0.0,5.0,VMC,Cruise,Probable Cause,11-09-1989,Cessna 207
20001213X27106,Incident,MIA89IA008,1988-10-11,"ORLANDO, FL",United States,,,ORL,ORLANDO EXEC,Incident,Minor,,N9064M,Cessna,210M,No,1.0,Reciprocating,,NSCH,Unknown,Cherokee Express,0.0,0.0,0.0,1.0,VMC,Takeoff,Probable Cause,25-01-1990,Cessna 210M
20001213X27136,Accident,MKC89LA005,1988-10-15,"CEDAR RAPIDS, IA",United States,,,CID,CEDAR RAPIDS,Non-Fatal,Substantial,,N5378F,Piper,PA-28-151,No,1.0,Reciprocating,,NSCH,Unknown,Tibben Flight Lines Inc,0.0,0.0,0.0,1.0,VMC,Descent,Probable Cause,11-09-1989,Piper PA-28-151
20001213X27055,Accident,FTW89FA007,1988-10-16,"EDINBURG, TX",United States,,,,,Non-Fatal,Destroyed,,N91BB,Piper,PA-31-350,No,2.0,Reciprocating,,NSCH,Unknown,Texas Air Charter,0.0,0.0,0.0,7.0,VMC,Climb,Probable Cause,24-01-1990,Piper PA-31-350
20001213X27056,Incident,FTW89IA011,1988-10-30,"BROWNSVILLE, TX",United States,,,BRO,BROWNSVILLE,Incident,Minor,,N2092U,Bell,206 L-1,No,1.0,Turbo Shaft,,NSCH,Unknown,Silver Star Aviation,0.0,0.0,0.0,5.0,VMC,Approach,Probable Cause,11-06-1990,Bell 206 L-1
20001213X26975,Accident,ATL89FA020,1988-10-30,"MEMPHIS, TN",United States,,,MEM,MEMPHIS INTL,Non-Fatal,Substantial,,N918RW,Mcdonnell Douglas,DC-9-31,No,2.0,Turbo Fan,,SCHD,Unknown,Northwest Airlines (dba: Northwest Airlines),0.0,0.0,0.0,42.0,VMC,Taxi,Probable Cause,16-01-1990,Mcdonnell Douglas DC-9-31
20001213X27190,Incident,ATL89IA026,1988-11-02,"GEORGETOWN, SC",United States,,,GGE,GEORGETOWN COUNTY,Incident,Minor,,N958MC,Beech,58,No,2.0,Reciprocating,,NSCH,Unknown,"Ramp 66, Inc.",0.0,0.0,0.0,4.0,VMC,Landing,Probable Cause,25-01-1990,Beech 58
20001213X27223,Incident,CHI89IA023,1988-11-10,"MILWAUKEE, WI",United States,,,MKE,MITCHELL,Incident,Minor,,N333PX,British Aerospace,JS-3101,No,2.0,Turbo Prop,,SCHD,Unknown,"Express Airlines 1, Inc (dba: Northwest Airlink)",0.0,0.0,0.0,12.0,VMC,Takeoff,Probable Cause,11-06-1990,British Aerospace JS-3101
20001213X27182,Accident,ANC89LA017,1988-11-14,"KASITSNA BAY, AK",United States,,,,,Non-Fatal,Substantial,,N4759E,Cessna,A185F,No,1.0,Reciprocating,,NSCH,Unknown,Cook Inlet Aviation,0.0,0.0,0.0,1.0,VMC,Landing,Probable Cause,19-09-1989,Cessna A185F
20001213X27362,Accident,ANC89LA021,1988-12-04,"HOMER, AK",United States,,,HOM,HOMER,Non-Fatal,Substantial,,N525EH,De Havilland,DHC-6,No,2.0,Turbo Prop,,SCHD,Unknown,"Era Aviation (dba: Era Helicopters, Inc.)",0.0,0.0,0.0,3.0,IMC,Taxi,Probable Cause,19-09-1989,De Havilland DHC-6
20001213X27366,Accident,ANC89LA026,1988-12-21,"PORCUPINE LODGE, AK",United States,,,NONE,PORCUPINE RIVER,Non-Fatal,Substantial,,N70087,Cessna,185,No,1.0,Reciprocating,,NSCH,Unknown,Yukon Air Service,0.0,0.0,0.0,3.0,VMC,Taxi,Probable Cause,06-12-1989,Cessna 185
20001213X27365,Accident,ANC89LA025,1988-12-21,"KOTZEBUE, AK",United States,,,OTZ,WIEN MEMORIAL,Non-Fatal,Substantial,,N9948M,Cessna,207,No,1.0,Reciprocating,,SCHD,Unknown,Baker Aviation Inc.,0.0,0.0,0.0,6.0,IMC,Landing,Probable Cause,06-12-1989,Cessna 207
20001213X27407,Incident,DEN89IA047,1988-12-23,"ROSWELL, NM",United States,,,ROW,ROSWELL INDUSTRIAL,Incident,Minor,,N59217,Cessna,210L,No,1.0,Reciprocating,,NSCH,Unknown,"B & M Enterprises, Inc. (dba: New Mexico Flying Service)",0.0,0.0,0.0,2.0,VMC,Cruise,Probable Cause,25-01-1990,Cessna 210L
20001213X27513,Accident,SEA89LA031,1988-12-24,"SPOKANE, WA",United States,,,GAG,SPOKANE INT'L,Non-Fatal,Substantial,,N4954W,Beech,99A,No,2.0,Turbo Prop,,NSCH,Unknown,"Methow Aviation, Inc.",0.0,0.0,0.0,1.0,VMC,Landing,Probable Cause,25-09-1989,Beech 99A
20001213X27517,Accident,ANC89LA031,1989-01-03,"RUSSIAN MISSION, AK",United States,,,RSH,,Non-Fatal,Substantial,,N7329U,Cessna,207A,No,1.0,Reciprocating,,SCHD,Unknown,Ryan Air,0.0,0.0,0.0,2.0,VMC,Approach,Probable Cause,28-09-1990,Cessna 207A
20001213X27518,Accident,ANC89LA033,1989-01-12,"BELL MOUNTAIN, AK",United States,,,,,Non-Fatal,Substantial,,N5074R,Hughes,500-D,No,1.0,Turbo Shaft,,NSCH,Unknown,"Soloy, L.c. (dba: Soloy Helicopter, Inc.)",0.0,0.0,0.0,2.0,VMC,Maneuvering,Probable Cause,28-09-1990,Hughes 500-D
20001213X27664,Incident,SEA89IA042,1989-01-23,"SEATTLE, WA",United States,,,SEA,SEATAC,Incident,Minor,,N386PH,Fairchild,SA-227-AC,No,2.0,Turbo Shaft,,SCHD,Unknown,Horizon Air,0.0,0.0,0.0,14.0,VMC,Takeoff,Probable Cause,26-08-1992,Fairchild SA-227-AC
20001213X27566,Incident,DEN89IA071,1989-01-30,"LANDER, WY",United States,,,LND,HUNT FIELD,Incident,Minor,,N87CH,Beech,E90,No,2.0,Turbo Prop,,NSCH,Unknown,(dba: Life Flight),0.0,0.0,0.0,5.0,VMC,Takeoff,Probable Cause,26-08-1992,Beech E90
20001213X27563,Accident,DEN89FA070B,1989-01-30,"SALT LAKE CITY, UT",United States,,,SLC,SALT LAKE CITY INTL,Non-Fatal,Substantial,,N2685L,Fairchild,SA-227-AC,No,2.0,Turbo Prop,,SCHD,Unknown,"(dba: Skywest Airlines, Inc.)",0.0,0.0,0.0,16.0,IMC,Standing,Probable Cause,22-05-1990,Fairchild SA-227-AC
20001213X27563,Accident,DEN89FA070A,1989-01-30,"SALT LAKE CITY, UT",United States,,,SLC,SALT LAKE CITY INTL,Non-Fatal,Substantial,,N169SW,Swearingen,SA-227-AC,No,2.0,Turbo Prop,,SCHD,Unknown,"(dba: Skywest Airlines, Inc.)",0.0,0.0,0.0,16.0,IMC,Taxi,Probable Cause,22-05-1990,Swearingen SA-227-AC
20001213X27797,Accident,NYC89LA081,1989-02-04,"HYANNIS, MA",United States,,,HYA,BARNSTABLE MUNI,Non-Fatal,Substantial,,N49PB,Cessna,402B,No,2.0,Reciprocating,,NSCH,Unknown,Spectrum Airlines,0.0,0.0,0.0,10.0,VMC,Standing,Probable Cause,24-04-1990,Cessna 402B
20001213X27678,Accident,ANC89FA043,1989-02-10,"FAIRBANKS, AK",United States,,,FAI,FAIRBANKS,Non-Fatal,Substantial,,N5056Q,De Havilland,DHC-3,No,1.0,Reciprocating,,NSCH,Unknown,"(dba: 40 Mile Air, Ltd)",0.0,0.0,0.0,1.0,VMC,Takeoff,Probable Cause,19-04-1990,De Havilland DHC-3
20001213X27965,Accident,MKC89LA073,1989-03-02,"NORFOLK, NE",United States,,,OFK,KARL STEPHAN,Non-Fatal,Substantial,,N69806,Cessna,310Q,No,2.0,Reciprocating,,NSCH,Unknown,Mid Plains Aviation,0.0,0.0,0.0,2.0,IMC,Landing,Probable Cause,28-09-1990,Cessna 310Q
20001213X27813,Accident,ANC89LA051,1989-03-09,"KASIGLUK, AK",United States,,,KUK,KASIGLUK,Non-Fatal,Substantial,,N4257T,Piper,PA-32,No,1.0,Reciprocating,,SCHD,Unknown,(dba: Seagull Air Service Inc.),0.0,0.0,0.0,3.0,VMC,Taxi,Probable Cause,28-09-1990,Piper PA-32
20001213X27929,Accident,LAX89LA141,1989-03-30,"VALLEJO, CA",United States,,,,,Non-Fatal,Substantial,,N5108E,Hughes,369D,No,1.0,Turbo Shaft,,NSCH,Unknown,"Helinet, Inc. (dba: Helinet Aviation Services)",0.0,0.0,0.0,2.0,VMC,Climb,Probable Cause,22-06-1992,Hughes 369D
20001213X28076,Accident,DEN89LA100,1989-04-05,"CHEYENNE, WY",United States,,,CYS,CHEYENNE MUNICIPAL,Non-Fatal,Substantial,,N83864,Piper,PA-34-220T,No,2.0,Reciprocating,,NSCH,Unknown,"(dba: Sky Harbor Air Service, Inc.)",0.0,0.0,0.0,1.0,VMC,Landing,Probable Cause,31-01-1991,Piper PA-34-220T
20001213X28071,Accident,DEN89FA101,1989-04-05,"PARK CITY, UT",United States,,,,,Non-Fatal,Substantial,,N16733,Bell,206B-III,No,1.0,Turbo Shaft,,NSCH,Unknown,(dba: Jet Helicopter Services),0.0,0.0,0.0,5.0,VMC,Takeoff,Probable Cause,28-09-1990,Bell 206B-III
20001213X28185,Accident,NYC89LA113,1989-04-06,"UTICA, NY",United States,,,UCA,ONIEDA COUNTY,Non-Fatal,Substantial,,N90437,"Smith, Ted Aerostar",AEROSTAR 600,No,2.0,Reciprocating,,NSCH,Unknown,"U.s. Check, Inc.",0.0,0.0,0.0,1.0,VMC,Cruise,Probable Cause,10-12-1990,"Smith, Ted Aerostar AEROSTAR 600"
20001213X28030,Accident,ATL89LA126,1989-04-13,"SILER CITY, NC",United States,,,,,Non-Fatal,Substantial,,N28990,Grumman,AA-5B,No,1.0,Reciprocating,,NSCH,Unknown,"Wra, Inc",0.0,0.0,0.0,1.0,VMC,Cruise,Probable Cause,22-08-1990,Grumman AA-5B
20001213X28144,Accident,MIA89FA138,1989-04-26,"JACKSONVILLE, FL",United States,,,JAX,JACKSONVILLE,Non-Fatal,Substantial,,N39RD,Swearingen,SA-226-AT,No,2.0,Turbo Prop,,NSCH,Unknown,Corporate Airways (dba: Corporate Airways),0.0,0.0,0.0,2.0,VMC,Landing,Probable Cause,22-08-1990,Swearingen SA-226-AT
20001213X28264,Incident,CHI89IA084,1989-05-03,"MOLINE, IL",United States,,,MLI,QUAD CITIES,Incident,Minor,,N511AW,Fokker,F-27 MK500,No,2.0,Turbo Prop,,NSCH,Unknown,Air Wisconsin,0.0,0.0,0.0,2.0,VMC,Landing,Probable Cause,26-08-1992,Fokker F-27 MK500
20001213X28216,Incident,ANC89IA068,1989-05-04,"CORDOVA, AK",United States,,,CDV,CORDOVA MILE 13,Incident,Minor,,N47895,Piper,PA-34-200T,No,2.0,Reciprocating,,SCHD,Unknown,Wilburs Incorporated (dba: Wilburs Flight Operations),0.0,0.0,0.0,6.0,VMC,Landing,Probable Cause,26-08-1992,Piper PA-34-200T
20001213X28373,Incident,MIA89IA145,1989-05-05,"MIAMI, FL",United States,,,MIA,MIAMI INTL,Incident,Minor,,N859SC,Piper,PA-34-200T,No,2.0,Reciprocating,,NSCH,Unknown,Gulf Flight Center,0.0,0.0,0.0,3.0,VMC,Landing,Probable Cause,19-06-1990,Piper PA-34-200T
20001213X28213,Accident,ANC89FA070,1989-05-10,"TATITLEK, AK",United States,,,AK47,TATITLEK,Non-Fatal,Substantial,,N966JW,Cessna,C-402,No,2.0,Reciprocating,,NSCH,Unknown,Wilburs Incorporated (dba: Wilburs Flight Operations),0.0,0.0,0.0,5.0,VMC,Landing,Probable Cause,02-08-1990,Cessna C-402
20001213X28217,Incident,ANC89IA071,1989-05-17,"ANCHORAGE, AK",United States,,,ANC,ANCHORAGE INTL,Incident,Minor,,N818FT,Boeing,747-121,No,4.0,Turbo Fan,,SCHD,Unknown,Flying Tiger Line,0.0,0.0,0.0,6.0,VMC,Takeoff,Probable Cause,17-09-1992,Boeing 747-121
20001213X28261,Accident,CHI89FA092,1989-05-18,"MARION, IL",United States,,,MWA,WILLIAMSON CITY REGIONAL,Non-Fatal,Substantial,,N232AM,Swearingen,SA226TC,No,2.0,Turbo Prop,,SCHD,Unknown,(dba: Trans World Express),0.0,0.0,0.0,14.0,VMC,Landing,Probable Cause,30-06-1992,Swearingen SA226TC
20001213X28226,Accident,ANC89LA081,1989-05-29,"KAHILTNA GLAC, AK",United States,,,,,Non-Fatal,Substantial,,N1047F,Cessna,185F,No,1.0,Reciprocating,,NSCH,Unknown,Doug Geeting Aviation (dba: Doug Geeting Aviation),0.0,0.0,0.0,4.0,IMC,Approach,Probable Cause,22-05-1990,Cessna 185F
20001213X28445,Accident,SEA89LA095,1989-05-30,"LEWISTON, ID",United States,,,,,Non-Fatal,Substantial,,N2756Y,Bell,206B III,No,1.0,Turbo Shaft,,NSCH,Unknown,"Jerry Wilson (dba: Hillcrest Aircraft Co., Inc)",0.0,0.0,0.0,3.0,VMC,Cruise,Probable Cause,29-03-1991,Bell 206B III
20001213X28228,Accident,ANC89LA083,1989-05-31,"TOKSOOK BAY, AK",United States,,,,,Non-Fatal,Substantial,,N9360N,Cessna,185F,No,1.0,Reciprocating,,NSCH,Unknown,(dba: Harbor Air),0.0,0.0,0.0,2.0,VMC,Landing,Probable Cause,19-04-1990,Cessna 185F
20001213X28673,Accident,SEA89LA105,1989-06-07,"SKAGWAY, AK",United States,,,,,Non-Fatal,Substantial,,N7994F,Piper,PA-32-300,No,1.0,Reciprocating,,NSCH,Unknown,Skagway Air Service (dba: Skagway Air Service),0.0,0.0,0.0,6.0,VMC,Maneuvering,Probable Cause,02-08-1990,Piper PA-32-300
20001213X28553,Accident,DEN89LA137,1989-06-10,"MOAB, UT",United States,,,,,Non-Fatal,Substantial,,N92299,Cessna,182,No,1.0,Reciprocating,,NSCH,Unknown,Redtail Aviation,0.0,0.0,0.0,4.0,VMC,Cruise,Probable Cause,09-07-1990,Cessna 182
20001213X28679,Accident,SEA89LA112,1989-06-14,"LAS VEGAS, NV",United States,,,LAS,MCCARRAN INT.,Non-Fatal,Substantial,,N4769U,Cessna,TU206G,No,1.0,Reciprocating,,NSCH,Unknown,Lake Mead Air Inc.,0.0,0.0,0.0,6.0,VMC,Landing,Probable Cause,02-08-1990,Cessna TU206G
20001213X28501,Incident,BFO89IA047,1989-06-26,"BALTIMORE, MD",United States,,,BWI,BALTIMORE/WASHINGTON,Incident,Minor,,N849JS,British Aerospace,3101,No,2.0,Turbo Prop,,SCHD,Unknown,Jetstream International (dba: Piedmont Commuter),0.0,0.0,0.0,13.0,VMC,Landing,Probable Cause,26-08-1992,British Aerospace 3101
20001213X28695,Accident,ANC89LA115,1989-07-06,"QUEENS CANNERY, AK",United States,,,,QUEENS CANNERY,Non-Fatal,Substantial,,N2585M,Piper,PA-32,No,1.0,Reciprocating,,NSCH,Unknown,(dba: Pennair),0.0,0.0,0.0,3.0,VMC,Landing,Probable Cause,09-07-1990,Piper PA-32
20001213X28692,Accident,ANC89FA119,1989-07-10,"44 NW FAIRBANKS, AK",United States,,,,,Non-Fatal,Substantial,,N91052,Cessna,207,No,1.0,Reciprocating,,NSCH,Unknown,Larry's Flying Service,0.0,0.0,0.0,1.0,VMC,Cruise,Probable Cause,30-09-1991,Cessna 207
20001213X28899,Accident,MIA89LA193,1989-07-12,"FORT MYERS, FL",United States,,,FMY,FORT MYERS,Non-Fatal,Substantial,,N921FE,Cessna,208B,No,1.0,Turbo Prop,,NSCH,Unknown,Mountain Air Cargo,0.0,0.0,0.0,1.0,VMC,Landing,Probable Cause,09-07-1990,Cessna 208B
20001213X28785,Accident,CHI89MA132,1989-07-13,"VANDALIA, OH",United States,,,DAY,DAYTON COX,Non-Fatal,Substantial,,N950R,Mcdonnell Douglas,DC8-63F,No,4.0,Turbo Fan,,NSCH,Unknown,Rosenbalm Aviation,0.0,0.0,0.0,3.0,VMC,Taxi,Probable Cause,05-09-1991,Mcdonnell Douglas DC8-63F
20001213X28809,Accident,DEN89LA169,1989-07-14,"SALT LAKE CITY, UT",United States,,,SLC,SALT LAKE CITY INTL,Non-Fatal,Substantial,,N6144H,Piper,PA-34-200T,No,2.0,Reciprocating,,NSCH,Unknown,Alpine Aviation (dba: Alpine Air),0.0,0.0,0.0,1.0,VMC,Takeoff,Probable Cause,28-06-1991,Piper PA-34-200T
20001213X28702,Accident,ANC89LA124,1989-07-15,"QUINHAGAK, AK",United States,,,,,Non-Fatal,Destroyed,,N32062,Piper,PA-32-300,No,1.0,Reciprocating,,NSCH,Unknown,(dba: Kusko Aviation),0.0,0.0,0.0,7.0,VMC,Cruise,Probable Cause,19-04-1990,Piper PA-32-300
20001213X28923,Incident,MKC89IA168,1989-07-26,"SPRINGDALE, AR",United States,,,ASG,SPRINGDALE,Incident,Minor,,N195DP,Beech,65-90,No,2.0,Turbo Prop,,NSCH,Unknown,Central Flying Service,0.0,0.0,0.0,4.0,VMC,Landing,Probable Cause,26-08-1992,Beech 65-90
20001213X29252,Accident,SEA89FA155,1989-08-30,"SEATTLE, WA",United States,,,SEA,SEATTLE-TACOMA INTL,Non-Fatal,Substantial,,CGRKR,Cessna,402B,No,2.0,Reciprocating,,SCHD,Unknown,(dba: Skylink Airlines),0.0,0.0,0.0,2.0,VMC,Landing,Probable Cause,25-06-1992,Cessna 402B
20001213X29013,Accident,ANC89LA152,1989-08-30,"TALKEETNA, AK",United States,,,,TURNOVER HILL,Non-Fatal,Substantial,,N150LT,Piper,PA-18,No,1.0,Reciprocating,,NSCH,Unknown,Talkeetna Air (dba: Talkeetna Air Taxi),0.0,0.0,0.0,1.0,VMC,Landing,Probable Cause,18-06-1990,Piper PA-18
20001213X29269,Accident,ANC89LA159,1989-09-01,"SPARREVOHN, AK",United States,,,NONE,,Non-Fatal,Substantial,,N2459L,Cessna,172H,No,1.0,Reciprocating,,NSCH,Unknown,Jayhawk Air,0.0,0.0,0.0,1.0,VMC,Takeoff,Probable Cause,18-06-1990,Cessna 172H
20001213X29399,Accident,LAX89FA303,1989-09-06,"LOS ANGELES, CA",United States,,,LAX,LOS ANGELES INTL,Non-Fatal,Substantial,,N27283,Fairchild,SA227-AC,No,2.0,Turbo Prop,,SCHD,Unknown,Skywest Airlines,0.0,0.0,0.0,10.0,VMC,Taxi,Probable Cause,09-09-1992,Fairchild SA227-AC
20001213X29499,Accident,SEA89LA170,1989-09-08,"PETERSBURG, AK",United States,,,,,Non-Fatal,Substantial,,N1088N,Hughes,369D,No,1.0,Turbo Shaft,,NSCH,Unknown,Temsco Helicopters Inc.,0.0,0.0,0.0,5.0,VMC,Takeoff,Probable Cause,26-06-1992,Hughes 369D
20001213X29358,Accident,DEN89LA224,1989-09-08,"MONUMENT VALLEY, UT",United States,,,71V,MONUMENT VALLEY,Non-Fatal,Substantial,,N3554P,Piper,PA-31-350,No,2.0,Reciprocating,,NSCH,Unknown,"Aviation Services West, Inc.",0.0,0.0,0.0,9.0,VMC,Approach,Probable Cause,30-09-1991,Piper PA-31-350
20001213X29420,Accident,LAX89LA317,1989-09-20,"ZENIA, CA",United States,,,2Q4,SHANNON,Non-Fatal,Substantial,,N8579M,Cessna,182,No,1.0,Reciprocating,,NSCH,Unknown,Comstock Air Services,0.0,0.0,0.0,3.0,VMC,Landing,Probable Cause,16-06-1992,Cessna 182
20001213X29464,Accident,MKC89LA198,1989-09-21,"LITTLEFORK, MN",United States,,,NONE,,Non-Fatal,Substantial,,N132BA,Beech,80,No,2.0,Reciprocating,,NSCH,Unknown,"Bemidji Air Service, Inc.",0.0,0.0,0.0,1.0,IMC,Cruise,Probable Cause,24-10-1990,Beech 80
20001213X29424,Accident,LAX89LA323,1989-09-25,"TUCSON, AZ",United States,,,TUS,TUCSON INTL,Non-Fatal,Substantial,,N52665,Cessna,177RG,No,1.0,Reciprocating,,NSCH,Unknown,(dba: Universe Air Cargo),0.0,0.0,0.0,2.0,VMC,Approach,Probable Cause,22-06-1992,Cessna 177RG
20001213X29459,Accident,MKC89FA202,1989-09-30,"BEMIDJI, MN",United States,,,BJI,BEMIDJI,Non-Fatal,Substantial,,N280MA,Fokker,F27,No,2.0,Turbo Prop,,SCHD,Unknown,Mesaba Aviation (dba: Northwest Airlink),0.0,0.0,0.0,29.0,VMC,Landing,Probable Cause,09-09-1992,Fokker F27
20001213X29510,Accident,ANC90LA001,1989-10-01,"KING SALMON, AK",United States,,,NONE,,Non-Fatal,Substantial,,N9382F,Cessna,208,No,1.0,Turbo Prop,,NSCH,Unknown,Mark Air Express,0.0,0.0,0.0,3.0,VMC,Takeoff,Probable Cause,09-07-1990,Cessna 208
20001213X29696,Accident,NYC90LA010B,1989-10-10,"PHILADELPHIA, PA",United States,,,PHL,PHILADELPHIA INT'L,Non-Fatal,Substantial,,N414WA,Britten-norman,BN2A-MK3,No,3.0,Reciprocating,,SCHD,Unknown,Pennsylvania Aviation Inc (dba: Wings Airway),0.0,0.0,0.0,4.0,VMC,Standing,Probable Cause,30-09-1991,Britten-norman BN2A-MK3
20001213X29696,Accident,NYC90LA010A,1989-10-10,"PHILADELPHIA, PA",United States,,,PHL,PHILADELPHIA INT'L,Non-Fatal,Substantial,,N333TQ,Beech,58,No,2.0,Reciprocating,,NSCH,Unknown,Congressional Air Limited,0.0,0.0,0.0,4.0,VMC,Taxi,Probable Cause,30-09-1991,Beech 58
20001213X29568,Accident,CHI90LA015,1989-10-19,"DODGEVILLE, WI",United States,,,55C,DODGEVILLE MUNI,Non-Fatal,Substantial,,N1517U,Cessna,207,No,1.0,Reciprocating,,NSCH,Unknown,"Freight Runners, Inc.",0.0,0.0,0.0,1.0,VMC,Landing,Probable Cause,28-06-1991,Cessna 207
20001213X29599,Accident,FTW90FA015,1989-10-24,"SAN ANTONIO, TX",United States,,,SAT,SAN ANTONIO INTL,Non-Fatal,Substantial,,N950JP,Beech,58,No,2.0,Reciprocating,,NSCH,Unknown,Air Exchange,0.0,0.0,0.0,1.0,VMC,Takeoff,Probable Cause,30-09-1992,Beech 58
20001213X29643,Accident,LAX90LA036B,1989-10-25,"ONTARIO, CA",United States,,,ONT,ONTARIO,Non-Fatal,Substantial,,N108SX,Beech,C-99,No,2.0,Turbo Prop,,NSCH,Unknown,"Ameriflight, Inc",0.0,0.0,0.0,2.0,VMC,Standing,Probable Cause,30-09-1992,Beech C-99
20001213X29726,Accident,ANC90LA012,1989-11-07,"QUINHAGAK, AK",United States,,,AQH,QUINHAGAK,Non-Fatal,Substantial,,N6255H,Cessna,207,No,1.0,Reciprocating,,NSCH,Unknown,Kusko Aviation,0.0,0.0,0.0,7.0,VMC,Landing,Probable Cause,05-09-1991,Cessna 207
20001213X29739,Accident,ATL90LA026,1989-11-13,"ATLANTA, GA",United States,,,ATL,HARTSFIELD,Non-Fatal,Substantial,,N500P,Learjet,24,No,2.0,Turbo Jet,,NSCH,Unknown,"Connie Kalitta Services, Inc.",0.0,0.0,0.0,2.0,VMC,Taxi,Probable Cause,26-06-1992,Learjet 24
20001213X29794,Incident,FTW90IA030,1989-11-22,"BEAUMONT, TX",United States,,,BPT,BEAUMONT/PORT ARTHUR,Incident,Minor,,N363MA,Saab-fairchild,340A,No,2.0,Turbo Prop,,SCHD,Unknown,Metro Flight,0.0,0.0,0.0,37.0,VMC,Approach,Probable Cause,26-08-1992,Saab-fairchild 340A
20001213X29728,Accident,ANC90LA014,1989-11-25,"EEK, AK",United States,,,EEK,EEK,Non-Fatal,Substantial,,N5511J,Piper,PA-32-260,No,1.0,Reciprocating,,NSCH,Unknown,(dba: Kusko Aviation),0.0,0.0,0.0,7.0,VMC,Takeoff,Probable Cause,09-07-1990,Piper PA-32-260
20001213X29915,Accident,BFO90FA012,1989-12-15,"STAUNTON, VA",United States,,,SHD,SHENANDOAH VALLEY,Non-Fatal,Substantial,,N851JS,British Aerospace,BAE 3101,No,2.0,Turbo Prop,,SCHD,Unknown,(dba: Usair Express),0.0,0.0,0.0,20.0,IMC,Takeoff,Probable Cause,15-04-1991,British Aerospace BAE 3101
20001213X29896,Accident,ANC90LA017,1989-12-23,"BREVIG MISSION, AK",United States,,,KTS,BREVIG MISSION,Non-Fatal,Substantial,,N220H,Beech,18,No,2.0,Reciprocating,,NSCH,Unknown,(dba: Bering Air),0.0,0.0,0.0,1.0,VMC,Go-around,Probable Cause,05-09-1990,Beech 18
20001212X22387,Incident,CHI90IA064,1990-01-10,"DETROIT, MI",United States,,,,,Incident,Minor,,N602US,Boeing,747-151,No,4.0,Turbo Fan,,SCHD,Unknown,"Northwest Airlines, Inc.",0.0,0.0,0.0,2.0,UNK,Unknown,Probable Cause,10-05-1993,Boeing 747-151
20001212X22454,Accident,MIA90LA052,1990-01-12,"OCALA, FL",United States,,,,,Non-Fatal,Substantial,,N9064M,Cessna,210M,No,1.0,Reciprocating,,NSCH,Unknown,Cherokee Express,0.0,0.0,0.0,1.0,VMC,Descent,Probable Cause,05-03-1993,Cessna 210M
20001212X22358,Accident,ANC90LA026,1990-01-12,"NONDALTON, AK",United States,,,SNN,NONDALTON,Non-Fatal,Substantial,,N9720M,Cessna,207A,No,1.0,Reciprocating,,NSCH,Unknown,(dba: Iliamna Air Taxi),0.0,0.0,0.0,6.0,VMC,Takeoff,Probable Cause,30-09-1991,Cessna 207A
20001212X22355,Accident,ANC90FA027,1990-01-15,"ANCHORAGE, AK",United States,,,ANC,ANCHORAGE INTL,Non-Fatal,Substantial,,N900TH,Beech,E18F,No,2.0,Turbo Prop,,NSCH,Unknown,(dba: F.s. Flying Service),0.0,0.0,0.0,2.0,VMC,Takeoff,Probable Cause,30-09-1991,Beech E18F
20001212X22441,Accident,LAX90LA075,1990-01-21,"PALOS VERDES, CA",United States,,,,,Non-Fatal,Destroyed,,N7654B,Bellanca,14-19-2,No,1.0,Reciprocating,,NSCH,Unknown,"Brown, Jerry (dba: Allied Air Charter)",0.0,0.0,0.0,4.0,VMC,Cruise,Probable Cause,29-09-1992,Bellanca 14-19-2
20001212X22369,Accident,ATL90LA053,1990-01-23,"NASHVILLE, TN",United States,,,BNA,NASHVILLE INT'L,Non-Fatal,Substantial,,N40RP,Mitsubishi,MU2B-20,No,2.0,Turbo Prop,,NSCH,Unknown,Transportation America Corp.,0.0,0.0,0.0,2.0,VMC,Landing,Probable Cause,02-10-1992,Mitsubishi MU2B-20
20001212X22370,Accident,ATL90LA054,1990-01-24,"MORRISVILLE, NC",United States,,,RDU,RALEIGH-DURHAM,Non-Fatal,Substantial,,N396AV,Swearingen,SA 226TC,No,2.0,Turbo Prop,,SCHD,Unknown,Amr Corporation,0.0,0.0,0.0,11.0,VMC,Landing,Probable Cause,28-09-1992,Swearingen SA 226TC
20001212X22500,Accident,SEA90LA037,1990-01-30,"COEUR D'ALENE, ID",United States,,,COE,COEUR D'ALENE,Non-Fatal,Substantial,,N56EA,Swearingen,SA226TC,No,2.0,Turbo Prop,,SCHD,Unknown,Empire Airlines,0.0,0.0,0.0,21.0,IMC,Landing,Probable Cause,30-09-1991,Swearingen SA226TC
20001212X22622,Accident,NYC90LA066B,1990-02-09,"TETERBORO, NJ",United States,,,TEB,TETERBORO,Non-Fatal,Substantial,,N533DM,Mitsubishi,MU-2B-35,No,2.0,Turbo Prop,,NSCH,Unknown,Epps Air Service,0.0,0.0,0.0,2.0,VMC,Taxi,Probable Cause,08-12-1992,Mitsubishi MU-2B-35
20001212X22622,Accident,NYC90LA066A,1990-02-09,"TETERBORO, NJ",United States,,,TEB,TETERBORO,Non-Fatal,Substantial,,N349MA,Mitsubishi,MU-2B-35,No,2.0,Turbo Prop,,NSCH,Unknown,Epps Air Service,0.0,0.0,0.0,2.0,VMC,Taxi,Probable Cause,08-12-1992,Mitsubishi MU-2B-35
20001212X22608,Incident,MIA90IA072,1990-02-19,"TALLAHASSEE, FL",United States,,,TLH,TALLAHASSEE,Incident,Minor,,N7574Y,Piper,PA-30,No,2.0,Reciprocating,,NSCH,Unknown,Academy Airlines,0.0,0.0,0.0,1.0,IMC,Approach,Probable Cause,30-12-1992,Piper PA-30
20001212X22521,Incident,CHI90IA084,1990-02-19,"CHICAGO, IL",United States,,,ORD,CHICAGO O'HARE,Incident,Minor,,N361MQ,Short Brothers,SD3-60,No,2.0,Turbo Prop,,SCHD,Unknown,(dba: American Eagle),0.0,0.0,0.0,16.0,VMC,Approach,Probable Cause,30-12-1992,Short Brothers SD3-60
20001212X22503,Accident,ANC90LA035,1990-02-27,"TAKOTNA, AK",United States,,,TCT,TAKOTNA,Non-Fatal,Substantial,,N73128,Cessna,207,No,1.0,Reciprocating,,SCHD,Unknown,(dba: Mark Air Express),0.0,0.0,0.0,3.0,VMC,Landing,Probable Cause,30-09-1991,Cessna 207
20001212X22739,Accident,LAX90LA110,1990-03-06,"LANAI, HI",United States,,,PHNY,LANAI,Non-Fatal,Substantial,,N851FE,Cessna,208B,No,1.0,Turbo Prop,,NSCH,Unknown,Corporate Air,0.0,0.0,0.0,1.0,VMC,Cruise,Probable Cause,15-09-1992,Cessna 208B
20001212X22699,Accident,DEN90LA071,1990-03-06,"ALAMOGORDO, NM",United States,,,ALM,ALAMOGORDO,Non-Fatal,Substantial,,N3128K,Cessna,402B,No,2.0,Reciprocating,,NSCH,Unknown,New Mexico Flying Service,0.0,0.0,0.0,1.0,VMC,Takeoff,Probable Cause,15-09-1992,Cessna 402B
20001212X22655,Accident,ATL90FA073,1990-03-06,"BENTON, AL",United States,,,,,Non-Fatal,Substantial,,N105SM,Mbb,BO-105S,No,2.0,Turbo Shaft,,NSCH,Unknown,Omniflight Helicopters,0.0,0.0,0.0,4.0,VMC,Takeoff,Probable Cause,04-09-1992,Mbb BO-105S
20001212X22951,Accident,LAX90LA146,1990-04-12,"YUBA CITY, CA",United States,,,052,SUTTER COUNTY,Non-Fatal,Substantial,,N4497S,Beech,F33A,No,1.0,Reciprocating,,NSCH,Unknown,Steven E. Carnes,0.0,0.0,0.0,2.0,VMC,Landing,Probable Cause,09-11-1992,Beech F33A
20001212X22966,Accident,MIA90FA105,1990-04-16,"FORT LAUDERDALE, FL",United States,,,FLL,FT LAUDERDALE,Non-Fatal,Substantial,Airplane,N64CZ,Embraer,EMB-110,No,2.0,Turbo Prop,Part 135: Air Taxi & Commuter,SCHD,Unknown,Comair,0.0,0.0,0.0,8.0,VMC,Taxi,Probable Cause,17-11-2009,Embraer EMB-110
20001212X22969,Incident,MIA90IA109,1990-04-24,"MIAMI, FL",United States,,,,MIAMI INTERNATIONAL,Incident,Minor,,CCCYB,Boeing,707-321B,No,4.0,Turbo Jet,,SCHD,Unknown,Operada En Arrend. Por Ladeco,0.0,0.0,0.0,3.0,VMC,Takeoff,Probable Cause,30-12-1992,Boeing 707-321B
20001212X23147,Accident,FTW90LA107,1990-05-08,"KAPLAN, LA",United States,,,,,Non-Fatal,Substantial,,N2187P,Bell,206BIII,No,1.0,Turbo Shaft,,NSCH,Unknown,Industrial Helicopters Inc,0.0,0.0,0.0,2.0,VMC,Takeoff,Probable Cause,28-09-1992,Bell 206BIII
20001212X23209,Incident,MIA90IA128,1990-05-23,"TAMPA, FL",United States,,,TPA,TAMPA INTERNATIONAL,Incident,Minor,,N62910,Piper,PA-31-350,No,2.0,Reciprocating,,NSCH,Unknown,Top Flight Air Service,0.0,0.0,0.0,1.0,VMC,Landing,Probable Cause,30-12-1992,Piper PA-31-350
20001212X23051,Accident,ANC90LA076,1990-05-24,"UGANIK BAY, AK",United States,,,,,Non-Fatal,Substantial,,N1095F,Cessna,185,No,1.0,Reciprocating,,SCHD,Unknown,Markair Express,0.0,0.0,0.0,3.0,VMC,Takeoff,Probable Cause,31-03-1993,Cessna 185
20001212X23257,Accident,NYC90FA110,1990-05-25,"BLUE BELL, PA",United States,,,BAX,BLUE BELL,Non-Fatal,Substantial,,N416WA,Britten-norman,BN2A-2F,No,2.0,Reciprocating,,SCHD,Unknown,Pennsylvania Aviation Inc. (dba: Wings Airways),0.0,0.0,0.0,9.0,VMC,Approach,Probable Cause,14-12-1992,Britten-norman BN2A-2F
20001212X23292,Accident,SEA90LA089,1990-05-29,"KETCHIKAN, AK",United States,,,,,Non-Fatal,Substantial,,N1018H,De Havilland,DHC-2,No,1.0,Reciprocating,,NSCH,Unknown,Ketchikan Air Service,0.0,0.0,0.0,1.0,VMC,Taxi,Probable Cause,20-10-1992,De Havilland DHC-2
20001212X23362,Accident,CHI90LA154,1990-06-07,"TOLEDO, OH",United States,,,580H,RATTLESNAKE ISLAND,Non-Fatal,Substantial,,N73067,Cessna,207,No,1.0,Reciprocating,,NSCH,Unknown,Island Airlines,0.0,0.0,0.0,5.0,VMC,Takeoff,Probable Cause,29-09-1992,Cessna 207
20001212X23471,Accident,LAX90LA254,1990-06-17,"GRAND CANYON, AZ",United States,,,GCN,GRAND CANYON,Non-Fatal,Substantial,,N73204,Cessna,T207A,Yes,1.0,Reciprocating,,SCHD,Unknown,"Air Nevada Airlines, Inc.",0.0,0.0,0.0,8.0,VMC,Taxi,Probable Cause,23-11-1992,Cessna T207A
20001212X23309,Accident,ANC90LA096,1990-06-23,"KAKO MINE STRIP, AK",United States,,,NONE,KAKO MINE AIR STRIP,Non-Fatal,Substantial,,N50GA,Short Brothers,SH-7,No,2.0,Turbo Prop,,NSCH,Unknown,North Star Air Cargo Inc.,0.0,0.0,0.0,2.0,VMC,Landing,Probable Cause,02-10-1992,Short Brothers SH-7
20001212X23778,Accident,NYC90FA156,1990-07-10,"TETERBORO, NJ",United States,,,TEB,TETERBORO,Non-Fatal,Substantial,,N73LM,Bell,206 B3,No,1.0,Turbo Shaft,,NSCH,Unknown,Annapolis Aviation (dba: Freedom Air),0.0,0.0,0.0,3.0,VMC,Maneuvering,Probable Cause,23-11-1992,Bell 206 B3
20001212X23760,Accident,MIA90LA153,1990-07-14,CARIBBEAN SEA,CARIBBEAN SEA,,,,,Non-Fatal,Substantial,,N4465F,Lockheed,L-188A,No,4.0,Turbo Prop,,NSCH,Unknown,Tpi International Airlines,0.0,0.0,0.0,3.0,VMC,Climb,Probable Cause,30-12-1992,Lockheed L-188A
20001212X23672,Accident,DEN90FA166,1990-07-27,"RUIDOSO, NM",United States,,,,,Non-Fatal,Substantial,,N105YV,Cessna,208A,No,1.0,Turbo Prop,,SCHD,Unknown,Mesa Airlines,0.0,0.0,0.0,5.0,VMC,Descent,Probable Cause,30-12-1992,Cessna 208A
20001212X23584,Accident,ANC90LA124,1990-07-27,"HOLY CROSS, AK",United States,,,,,Non-Fatal,Substantial,,N7235N,Cessna,206G,No,1.0,Reciprocating,,NSCH,Unknown,(dba: Walt's Air Service),0.0,0.0,0.0,3.0,VMC,Cruise,Probable Cause,07-10-1992,Cessna 206G
20001212X23783,Incident,NYC90IA178,1990-07-29,"NEW YORK, NY",United States,,,JFK,JOHN F KENNEDY,Incident,Minor,,N175RA,De Havilland,DHC-7-102,No,4.0,Turbo Prop,,SCHD,Unknown,"Pan Am Express, Inc.",0.0,0.0,0.0,45.0,VMC,Approach,Probable Cause,10-05-1993,De Havilland DHC-7-102
20001212X24071,Accident,LAX90LA344,1990-08-02,"TUCSON, AZ",United States,,,TUS,TUCSON INTL.,Non-Fatal,Substantial,,N9463C,Cessna,180,No,1.0,Reciprocating,,NSCH,Unknown,(dba: J-bird Aviation Inc.),0.0,0.0,0.0,1.0,VMC,Taxi,Probable Cause,14-12-1992,Cessna 180
20001212X23860,Accident,ANC90LA138,1990-08-08,"ARCTIC VILLAGE, AK",United States,,,NONE,,Non-Fatal,Substantial,,N6481V,Helio,HE-3/H-295,No,1.0,Reciprocating,,NSCH,Unknown,"Wright Air Service, Inc.",0.0,0.0,0.0,1.0,VMC,Descent,Probable Cause,09-11-1992,Helio HE-3/H-295
20001212X23858,Accident,ANC90LA136,1990-08-08,"TALKEETNA, AK",United States,,,NONE,YELLOW JACKET CREEK,Non-Fatal,Substantial,,N5246E,Cessna,185,No,1.0,Reciprocating,,NSCH,Unknown,(dba: Talkeetna Air Taxi),0.0,0.0,0.0,3.0,VMC,Landing,Probable Cause,02-10-1992,Cessna 185
20001212X23867,Accident,ANC90LA147,1990-08-17,"JUNEAU, AK",United States,,,,,Non-Fatal,Substantial,,N26492,Aerospatiale,AS-350-B,No,1.0,Turbo Shaft,,NSCH,Unknown,(dba: Temsco Helicopter),0.0,0.0,0.0,6.0,VMC,Takeoff,Probable Cause,30-12-1992,Aerospatiale AS-350-B
20001212X24038,Incident,LAX90IA293,1990-08-21,"LOS ANGELES, CA",United States,,,LAX,LOS ANGELES INT'L,Incident,Minor,,N305UA,Boeing,737-322,No,2.0,Turbo Fan,,SCHD,Unknown,United Airlines,0.0,0.0,0.0,0.0,VMC,Approach,Probable Cause,30-12-1992,Boeing 737-322
20001212X23879,Accident,ANC90LA162,1990-08-31,"ALAGNAK RIVER, AK",United States,,,,,Non-Fatal,Substantial,,N24BR,De Havilland,DHC-2,No,1.0,Reciprocating,,NSCH,Unknown,"Hartley, Inc (dba: Branch River Air Service)",0.0,0.0,0.0,5.0,VMC,Takeoff,Probable Cause,30-09-1992,De Havilland DHC-2
20001212X24275,Accident,FTW90LA175,1990-09-05,"WEATHERFORD, TX",United States,,,NONE,PARKER COUNTY,Non-Fatal,Substantial,,N666DF,Beech,C55,No,2.0,Reciprocating,,NSCH,Unknown,Bruce Dolenz (dba: Executive Flight),0.0,0.0,0.0,1.0,VMC,Cruise,Probable Cause,23-11-1992,Beech C55
20001212X24155,Accident,ANC90LA169,1990-09-07,"DEERING, AK",United States,,,DRG,DEERING,Non-Fatal,Substantial,,N135W,Beech,H-18S,No,2.0,Reciprocating,,NSCH,Unknown,"(dba: Bering Air, Inc)",0.0,0.0,0.0,1.0,VMC,Landing,Probable Cause,15-09-1992,Beech H-18S
20001212X24166,Accident,ANC90LA180,1990-09-17,"UPPER COLLEEN, AK",United States,,,,,Non-Fatal,Substantial,,N70087,Cessna,185,No,1.0,Reciprocating,,NSCH,Unknown,(dba: Yukon Air Service),0.0,0.0,0.0,3.0,VMC,Landing,Probable Cause,28-09-1992,Cessna 185
20001212X24170,Accident,ANC90LA184,1990-09-22,"KING SALMON, AK",United States,,,NONE,BACHAROFF,Non-Fatal,Substantial,,N5322G,De Havilland,DHC-3,No,1.0,Reciprocating,,NSCH,Unknown,(dba: Alaska Cargo Service),0.0,0.0,0.0,2.0,VMC,Takeoff,Probable Cause,15-09-1992,De Havilland DHC-3
20001212X24169,Accident,ANC90LA183,1990-09-22,"COAL CREEK, AK",United States,,,NONE,,Non-Fatal,Substantial,,N7580Y,Piper,PA-18-150,No,1.0,Reciprocating,,NSCH,Unknown,(dba: Meekins Air Service),0.0,0.0,0.0,2.0,VMC,Takeoff,Probable Cause,08-12-1992,Piper PA-18-150
20001212X24543,Accident,SEA91LA002,1990-10-02,"SEATTLE, WA",United States,,,BFI,BOEING FLD,Non-Fatal,Substantial,,N7232K,Beech,58,No,2.0,Reciprocating,,NSCH,Unknown,Flightcraft Inc.,0.0,0.0,0.0,3.0,VMC,Landing,Probable Cause,15-12-1992,Beech 58
20001212X24508,Accident,MIA91LA007,1990-10-05,"ROLLING FORK, MS",United States,,,27M,NICK'S FLYING SERVICE,Non-Fatal,Substantial,,N8634C,Piper,PA-28-181,No,1.0,Reciprocating,,NSCH,Unknown,"Snyder, Norman L.",0.0,0.0,0.0,3.0,VMC,Takeoff,Probable Cause,12-03-1993,Piper PA-28-181
20001212X24428,Accident,CHI91LA004,1990-10-05,"MINNEAPOLIS, MN",United States,,,MSP,MINNEAPOLIS INTERNATIONAL,Non-Fatal,Substantial,,N703M,Beech,E-18,No,2.0,Reciprocating,,NSCH,Unknown,"Viking Express, Inc (dba: Viking Express)",0.0,0.0,0.0,2.0,VMC,Landing,Probable Cause,12-03-1993,Beech E-18
20001212X24393,Accident,ANC91LA002,1990-10-06,"KOYUKTOLIK, AK",United States,,,NONE,KOYUKTOLIK BAY,Non-Fatal,Substantial,Airplane,N2525Z,Cessna,185B,No,1.0,Reciprocating,Part 135: Air Taxi & Commuter,NSCH,Unknown,Raven Air,0.0,0.0,0.0,1.0,VMC,Landing,Probable Cause,23-09-2019,Cessna 185B
20001212X24561,Incident,ATL91IA014,1990-11-02,"KNOXVILLE, TN",United States,,,,,Incident,Minor,,N412UT,Bell,412,No,2.0,Turbo Shaft,,NSCH,Unknown,(dba: U.t. Lifestar),0.0,0.0,0.0,4.0,VMC,Takeoff,Probable Cause,30-12-1992,Bell 412
20001212X24701,Accident,SEA91LA014,1990-11-08,"POCATELLO, ID",United States,,,,,Non-Fatal,Substantial,,N1683T,Cessna,402B,No,2.0,Reciprocating,,NSCH,Unknown,Regional Express Company,0.0,0.0,0.0,2.0,VMC,Cruise,Probable Cause,23-11-1992,Cessna 402B
20001212X24680,Accident,NYC91LA027,1990-11-12,"PITTSBURGH, PA",United States,,,PIT,PITTSBURGH,Non-Fatal,Substantial,,N54SA,Cessna,404,No,2.0,Reciprocating,,NSCH,Unknown,Superior Aviation Inc,0.0,0.0,0.0,1.0,VMC,Landing,Probable Cause,28-09-1992,Cessna 404
20001212X24597,Accident,CHI91LA034,1990-11-27,"GRAND ISLAND, NE",United States,,,GRI,GRAND ISLAND,Non-Fatal,Substantial,,N10QP,Cessna,401,No,2.0,Reciprocating,,NSCH,Unknown,Suburban Air Freight Inc.,0.0,0.0,0.0,1.0,VMC,Landing,Probable Cause,12-03-1993,Cessna 401
20001212X24711,Accident,ANC91LA015,1990-12-11,"KONGIKANK, AK",United States,,,DUY,KONGIGANAK,Non-Fatal,Substantial,,N8225J,Piper,PA-32,No,1.0,Reciprocating,,NSCH,Unknown,"Ervin, Terry (dba: Arctic Circle Air Service, Inc)",0.0,0.0,0.0,1.0,VMC,Approach,Probable Cause,02-10-1992,Piper PA-32
20001212X24825,Accident,SEA91LA035,1990-12-17,"ANACORTES, WA",United States,,,NONE,SINCLAIR ISLAND,Non-Fatal,Substantial,,N3017Y,Cessna,182-E,No,1.0,Reciprocating,,NSCH,Unknown,West Isle Air,0.0,0.0,0.0,3.0,VMC,Landing,Probable Cause,09-11-1992,Cessna 182-E
20001212X24727,Accident,BFO91LA020,1990-12-26,"RICHLAND, VA",United States,,,7A4,RICHLANDS,Non-Fatal,Substantial,,N8138F,Cessna,402,No,2.0,Reciprocating,,NSCH,Unknown,Kci Enterprise Inc,0.0,0.0,0.0,4.0,VMC,Landing,Probable Cause,14-12-1992,Cessna 402
20001212X24805,Incident,NYC91IA053,1990-12-28,"ELBRIDGE, NY",United States,,,NONE,,Incident,Minor,,N8434H,Piper,PA-34-200T,No,2.0,Reciprocating,,NSCH,Unknown,"Central Skyport, Inc.",0.0,0.0,0.0,1.0,VMC,Descent,Probable Cause,30-12-1992,Piper PA-34-200T
20001212X24785,Incident,MIA91IA059,1990-12-31,"MARATHON, FL",United States,,,MTH,MARATHON,Incident,Minor,,N155PB,Cessna,402C,No,2.0,Reciprocating,,NSCH,Unknown,Airways International Inc.,0.0,0.0,0.0,4.0,VMC,Landing,Probable Cause,30-12-1992,Cessna 402C
20001212X24828,Accident,SEA91LA040,1990-12-31,"KALISPELL, MT",United States,,,FCA,GLACIER INT'L,Non-Fatal,Substantial,,N385PH,Swearingen,SA-227,No,2.0,Turbo Prop,,SCHD,Unknown,Horizon Airlines,0.0,0.0,0.0,15.0,IMC,Landing,Probable Cause,09-11-1992,Swearingen SA-227
20001212X16349,Incident,MIA91IA061,1991-01-04,"LUTZ, FL",United States,,,,,Incident,Minor,,N823AR,Cessna,210M,No,1.0,Reciprocating,,NSCH,Unknown,(dba: Cherokee Express Air Cargo),0.0,0.0,0.0,2.0,VMC,Takeoff,Probable Cause,31-03-1993,Cessna 210M
20001212X16252,Incident,ANC91IA020,1991-01-15,"NOME, AK",United States,,,OME,NOME,Incident,Minor,,N4118G,Piper,PA-31-350,No,2.0,Reciprocating,,SCHD,Unknown,"(dba: Bering Air, Inc.)",0.0,0.0,0.0,3.0,VMC,Landing,Probable Cause,09-03-1993,Piper PA-31-350
20001212X16274,Incident,CHI91IA073,1991-01-18,"CHICAGO, IL",United States,,,ORD,O'HARE FIELD,Incident,Minor,,N608AW,British Aerospace,146-200,No,4.0,Turbo Fan,,SCHD,Unknown,Air Wisconsin,0.0,0.0,0.0,39.0,VMC,Taxi,Probable Cause,28-09-1992,British Aerospace 146-200
20001212X16262,Incident,ATL91IA044,1991-01-31,"CHARLOTTE, NC",United States,,,CLT,DOUGLAS INT'L,Incident,Minor,,N844AE,British Aerospace,BAE JETSTREAM 3201,No,2.0,Turbo Prop,,SCHD,Unknown,Nashville Eagle,0.0,0.0,0.0,5.0,VMC,Standing,Probable Cause,05-05-1993,British Aerospace BAE JETSTREAM 3201
20001212X16389,Incident,ANC91IA028,1991-02-13,"UNALASKA, AK",United States,,,DUT,UNALASKA,Incident,Minor,,N672MA,Boeing,737-200,No,2.0,Turbo Jet,,SCHD,Unknown,"Markair, Inc.",0.0,0.0,0.0,46.0,VMC,Go-around,Probable Cause,09-03-1993,Boeing 737-200
20001212X16651,Incident,MIA91IA091,1991-03-02,"JACKSONVILLE, FL",United States,,,,,Incident,Minor,,CGRNU,British Aerospace,BAE-146-200,No,4.0,Turbo Fan,,NSCH,Unknown,Air Nova,0.0,0.0,0.0,5.0,IMC,Cruise,Probable Cause,31-03-1993,British Aerospace BAE-146-200
20001212X16566,Accident,CHI91LA103,1991-03-02,"CHICAGO, IL",United States,,,ORD,O'HARE FIELD,Non-Fatal,Substantial,,N385MQ,Short Brothers,SD3-60,No,2.0,Turbo Prop,,SCHD,Unknown,Simmons Airlines,0.0,0.0,0.0,22.0,IMC,Landing,Probable Cause,04-12-1992,Short Brothers SD3-60
20001212X16568,Accident,CHI91LA105,1991-03-06,"ST. LOUIS, MO",United States,,,STL,LAMBERT,Non-Fatal,Substantial,,N401RW,Cessna,401,No,2.0,Reciprocating,,NSCH,Unknown,"Redwing Airways, Inc.",0.0,0.0,0.0,5.0,VMC,Landing,Probable Cause,25-01-1993,Cessna 401
20001212X16628,Accident,LAX91LA127,1991-03-08,"HONOLULU, HI",United States,,,,,Non-Fatal,Destroyed,,N2072C,Bell,206B,No,1.0,Turbo Shaft,,NSCH,Unknown,"Kenai Air Of Hawaii, Inc.",0.0,0.0,0.0,2.0,VMC,Cruise,Probable Cause,31-03-1993,Bell 206B
20001212X16528,Accident,ANC91LA033,1991-03-08,"SHAGELUK, AK",United States,,,,,Non-Fatal,Substantial,,N1855Q,Cessna,A185-F,No,1.0,Reciprocating,,NSCH,Unknown,James F. Okonek (dba: K2 Aviation),0.0,0.0,0.0,3.0,VMC,Landing,Probable Cause,24-03-1993,Cessna A185-F
20001212X16634,Accident,LAX91LA136,1991-03-16,"LAS VEGAS, NV",United States,,,,,Non-Fatal,Substantial,,N75841,Cessna,T207A,No,1.0,Reciprocating,,NSCH,Unknown,"Air Nevada Airlines, Inc",0.0,0.0,0.0,8.0,VMC,Approach,Probable Cause,25-01-1993,Cessna T207A
20001212X16524,Incident,ANC91IA037,1991-03-18,"SHAGELUK, AK",United States,,,SHX,SHAGELUK,Incident,Minor,,N400WA,Beech,C-45H,No,2.0,Turbo Prop,,NSCH,Unknown,(dba: F.s. Air Service),0.0,0.0,0.0,2.0,VMC,Landing,Probable Cause,03-05-1993,Beech C-45H
20001212X16533,Accident,ANC91LA040,1991-03-28,"KASIGLUK, AK",United States,,,KVG,KASIGLUK,Non-Fatal,Substantial,,N76RL,Piper,PA-32-300,No,1.0,Reciprocating,,NSCH,Unknown,Camai Air (dba: Camai Air),0.0,0.0,0.0,1.0,VMC,Landing,Probable Cause,07-05-1993,Piper PA-32-300
20001212X16535,Accident,ANC91LA043,1991-03-30,"KENAI, AK",United States,,,ENA,KENAI,Non-Fatal,Substantial,,N308SC,Piper,PA-31T,No,2.0,Turbo Prop,,SCHD,Unknown,"South Central Air, Inc.",0.0,0.0,0.0,10.0,VMC,Unknown,Probable Cause,13-07-1993,Piper PA-31T
20001212X16534,Accident,ANC91LA041,1991-03-30,"THOMPSON PASS, AK",United States,,,,,Non-Fatal,Substantial,,N73279,Bell,47,No,1.0,Reciprocating,,NSCH,Unknown,(dba: Alaska West Air),0.0,0.0,0.0,3.0,VMC,Landing,Probable Cause,05-05-1993,Bell 47
20001212X16809,Accident,LAX91LA167,1991-04-06,"AVENAL, CA",United States,,,,ORCHARD RANCH,Non-Fatal,Substantial,,N242AR,Cessna,414A,No,2.0,Reciprocating,,NSCH,Unknown,Air Allana Inc (dba: Marin Air Services),0.0,0.0,0.0,5.0,VMC,Landing,Probable Cause,25-01-1993,Cessna 414A
20001212X16710,Incident,ANC91IA052,1991-04-08,"EEK, AK",United States,,,EEK,EEK,Incident,Minor,,N4258N,Piper,PA-32-301,No,1.0,Reciprocating,,NSCH,Unknown,"Kusko Aviation, Inc.",0.0,0.0,0.0,6.0,VMC,Landing,Probable Cause,03-05-1993,Piper PA-32-301
20001212X16757,Accident,CHI91LA128,1991-04-09,"OAK ISLAND, MN",United States,,,,UNK,Non-Fatal,Substantial,,N9028,De Havilland,BEAVER U-6A,No,1.0,Reciprocating,,NSCH,Unknown,Baudette Flying Service,0.0,0.0,0.0,4.0,VMC,Taxi,Probable Cause,25-01-1993,De Havilland BEAVER U-6A
20001212X17096,Accident,NYC91LA124,1991-05-01,"OXFORD, CT",United States,,,OXC,WATERBURY-OXFORD,Non-Fatal,Substantial,,N445BL,Israel Aircraft Industries,1124A,No,2.0,Turbo Fan,,NSCH,Unknown,Pga Tour Investments,0.0,0.0,0.0,9.0,IMC,Landing,Probable Cause,27-04-1993,Israel Aircraft Industries 1124A
20001212X16898,Accident,ANC91LA055,1991-05-03,"EEK, AK",United States,,,EEK,EEK,Non-Fatal,Substantial,,N4593T,Piper,PA-32-300,No,1.0,Reciprocating,,SCHD,Unknown,"Camai Air (dba: Village Aviation, Inc.)",0.0,0.0,0.0,2.0,VMC,Landing,Probable Cause,08-02-1993,Piper PA-32-300
20001212X16938,Accident,CHI91FA152,1991-05-11,"CHICAGO, IL",United States,,,ORD,O'HARE INTERNATIONAL,Non-Fatal,Substantial,,N715NC,Short Brothers,SD3-60,No,2.0,Turbo Prop,,SCHD,Unknown,Simmons Airlines/am.eagle,0.0,0.0,0.0,21.0,VMC,Taxi,Probable Cause,31-03-1993,Short Brothers SD3-60
20001212X16982,Accident,DEN91LA073,1991-05-18,"ENGLEWOOD, CO",United States,,,APA,CENTENNIAL,Non-Fatal,Substantial,,N44623,Beech,D18-S,No,2.0,Reciprocating,,NSCH,Unknown,"W. W. Airtaxi, Inc.",0.0,0.0,0.0,2.0,VMC,Takeoff,Probable Cause,05-05-1993,Beech D18-S
20001212X17378,Accident,SEA91LA122,1991-06-02,"FRIDAY HARBOR, WA",United States,,,WA24,FRIDAY HARBOR,Non-Fatal,Substantial,,N21LU,De Havilland,BEAVER DHC-2 MK.1,No,1.0,Reciprocating,,SCHD,Unknown,Lake Union Air Service,0.0,0.0,0.0,7.0,VMC,Takeoff,Probable Cause,05-05-1993,De Havilland BEAVER DHC-2 MK.1
20001212X17142,Accident,ANC91LA066,1991-06-05,"EEK, AK",United States,,,EEK,EEK,Non-Fatal,Substantial,,N6255H,Cessna,207A,No,1.0,Reciprocating,,NSCH,Unknown,"Kusko Aviation, Inc.",0.0,0.0,0.0,6.0,VMC,Cruise,Probable Cause,22-01-1993,Cessna 207A
20001212X17656,Accident,NYC91LA163,1991-07-01,"COLUMBUS, OH",United States,,,CMH,PORT COLUMBUS,Non-Fatal,Substantial,,N458J,Learjet,LR25B-XR,No,2.0,Turbo Jet,,NSCH,Unknown,"New Creations, Inc.",0.0,0.0,0.0,2.0,IMC,Landing,Probable Cause,07-05-1993,Learjet LR25B-XR
20001212X17406,Accident,ANC91LA085,1991-07-01,"SHEEP MOUNTAIN, AK",United States,,,,,Non-Fatal,Substantial,,N302MH,Bell,206BIII,No,1.0,Turbo Shaft,,NSCH,Unknown,Maritime Helicopters,0.0,0.0,0.0,3.0,VMC,Landing,Probable Cause,24-03-1993,Bell 206BIII
20001212X17433,Accident,ATL91LA122,1991-07-02,"COLUMBIA, TN",United States,,,,MAURY COUNTY,Non-Fatal,Substantial,,N500FM,Learjet,23,No,2.0,Turbo Jet,,NSCH,Unknown,"Connie Kalitta Services, Inc.",0.0,0.0,0.0,2.0,VMC,Landing,Probable Cause,13-07-1993,Learjet 23
20001212X17697,Accident,SEA91LA152,1991-07-03,"WALDRON, WA",United States,,,NONE,WALDRON,Non-Fatal,Substantial,,N737BZ,Cessna,172N,No,1.0,Reciprocating,,NSCH,Unknown,"West Isle Air, Inc",0.0,0.0,0.0,3.0,VMC,Taxi,Probable Cause,24-03-1993,Cessna 172N
20001212X17527,Accident,DEN91LA096,1991-07-04,"COLORADO SPRING, CO",United States,,,,,Non-Fatal,Substantial,,N40DP,Bell,47G-3B-1,No,1.0,Reciprocating,,NSCH,Unknown,"Helitech, Inc.",0.0,0.0,0.0,2.0,VMC,Takeoff,Probable Cause,05-05-1993,Bell 47G-3B-1
20001212X17522,Accident,DEN91FA098,1991-07-08,"DENVER, CO",United States,,,DEN,STAPLETON INTERNATIONAL,Non-Fatal,Substantial,,N8404,Boeing,707-323C,No,4.0,Turbo Fan,,NSCH,Unknown,Southern Air Transport (sat),0.0,0.0,0.0,6.0,VMC,Takeoff,Probable Cause,13-07-1993,Boeing 707-323C
20001212X17416,Accident,ANC91LA099,1991-07-13,"KIANA, AK",United States,,,IAN,KIANA,Non-Fatal,Substantial,,N67941,Cessna,402-C,No,2.0,Reciprocating,,SCHD,Unknown,(dba: Baker Aviation),0.0,0.0,0.0,2.0,VMC,Landing,Probable Cause,31-03-1993,Cessna 402-C
20001212X17430,Incident,ATL91IA134,1991-07-16,"SAVANNAH, GA",United States,,,SAV,SAVANNAH,Incident,Minor,,N922HA,De Havilland,DHC-8-102,No,2.0,Turbo Prop,,SCHD,Unknown,Henson Airlines,0.0,0.0,0.0,5.0,VMC,Climb,Probable Cause,09-03-1993,De Havilland DHC-8-102
20001212X17417,Accident,ANC91LA100,1991-07-16,"NAKNEK, AK",United States,,,NAK,NAKNEK,Non-Fatal,Substantial,,N2120M,Piper,PA-32-300,No,1.0,Reciprocating,,NSCH,Unknown,"Peninsula Airways, Inc.",0.0,0.0,0.0,6.0,VMC,Landing,Probable Cause,10-03-1993,Piper PA-32-300
20001212X17517,Accident,CHI91MA220,1991-07-17,"PEORIA, IL",United States,,,PIA,GREATER PEORIA,Non-Fatal,Substantial,,N425TE,Aerospace,ATR-42-300,No,2.0,Turbo Prop,,SCHD,Unknown,Trans States Airlines (dba: Trans World Express),0.0,0.0,0.0,19.0,VMC,Approach,Probable Cause,14-07-1993,Aerospace ATR-42-300
20001212X17419,Accident,ANC91LA103,1991-07-18,"JAGO RIVER, AK",United States,,,NONE,JAGO RIVER,Non-Fatal,Substantial,,N1650Z,Cessna,185,No,2.0,Reciprocating,,NSCH,Unknown,(dba: Yukon Air Service),0.0,0.0,0.0,4.0,VMC,Landing,Probable Cause,13-07-1993,Cessna 185
20001212X17531,Accident,DEN91LA102,1991-07-19,"ALBUQUERQUE, NM",United States,,,ABQ,ALBUQUERQUE INTERNATIONAL,Non-Fatal,Substantial,,N96H,Douglas,DC-3C,No,2.0,Reciprocating,,NSCH,Unknown,B&m Enterprises (dba: New Mexico Flying Service),0.0,0.0,0.0,2.0,VMC,Takeoff,Probable Cause,31-03-1993,Douglas DC-3C
20001212X17622,Accident,LAX91LA339,1991-07-24,"KAHULUI, HI",United States,,,,,Non-Fatal,Substantial,,N766MP,Aerospatiale,AS350B,No,1.0,Turbo Shaft,,NSCH,Unknown,"Papillon Airways, Inc.",0.0,0.0,0.0,6.0,VMC,Cruise,Probable Cause,10-03-1993,Aerospatiale AS350B
20001212X17505,Accident,CHI91LA227,1991-07-29,"HUTCHINSON, KS",United States,,,HUT,HUTCHINSON,Non-Fatal,Substantial,,N120EL,Aero Commander,500B,No,2.0,Reciprocating,,NSCH,Unknown,Central Air-southwest,0.0,0.0,0.0,1.0,VMC,Takeoff,Probable Cause,31-03-1993,Aero Commander 500B
20001212X17894,Accident,LAX91LA350,1991-08-08,"GRAND CANYON, AZ",United States,,,GCN,GRAND CANYON,Non-Fatal,Substantial,,N161TA,Cessna,402C,No,2.0,Reciprocating,,NSCH,Unknown,Sierra Nevada Airways,0.0,0.0,0.0,10.0,VMC,Takeoff,Probable Cause,27-05-1993,Cessna 402C
20001212X17838,Accident,CHI91MA260,1991-08-12,"ST LOUIS, MO",United States,,,STL,LAMBERT-ST LOUIS INTL,Non-Fatal,Substantial,,N339TE,British Aerospace,3201,No,2.0,Turbo Prop,,SCHD,Unknown,Trans States Airlines (dba: Trans World Express),0.0,0.0,0.0,7.0,VMC,Cruise,Probable Cause,02-03-1993,British Aerospace 3201
20001212X17746,Accident,ANC91LA125,1991-08-14,"UGASHIK, AK",United States,,,,,Non-Fatal,Substantial,,N5371G,De Havilland,DHC-2,No,1.0,Reciprocating,,NSCH,Unknown,(dba: King Air Inc.),0.0,0.0,0.0,2.0,VMC,Takeoff,Probable Cause,10-03-1993,De Havilland DHC-2
20001212X17976,Incident,SEA91IA219,1991-08-22,"SEATTLE, WA",United States,,,SEA,SEATAC,Incident,Minor,,N604US,Boeing,747-151,No,4.0,Turbo Fan,,SCHD,Unknown,"Northwest Airlines, Inc",0.0,0.0,0.0,0.0,VMC,Climb,Probable Cause,08-02-1993,Boeing 747-151
20001212X17908,Accident,LAX91LA367,1991-08-23,"FREDONIA, AZ",United States,,,,,Non-Fatal,Substantial,,N9067C,Cessna,R182,No,1.0,Reciprocating,,NSCH,Unknown,Lake Powell Air Service,0.0,0.0,0.0,4.0,VMC,Cruise,Probable Cause,08-05-1993,Cessna R182
20001212X17752,Accident,ANC91LA133,1991-08-24,"WHITE MOUNTAIN, AK",United States,,,WMO,WHITE MOUNTAIN,Non-Fatal,Substantial,,N228A,Beech,B-18H,No,2.0,Reciprocating,,NSCH,Unknown,"Bering Air, Inc.",0.0,0.0,0.0,1.0,VMC,Landing,Probable Cause,10-03-1993,Beech B-18H
20001212X17755,Accident,ANC91LA136,1991-08-25,"ASPEN CREEK, AK",United States,,,,,Non-Fatal,Substantial,,N9796P,Piper,PA-18,No,1.0,Reciprocating,,NSCH,Unknown,Gary L. Bishop,0.0,0.0,0.0,2.0,VMC,Takeoff,Probable Cause,24-03-1993,Piper PA-18
20001212X18000,Accident,ANC91FA142,1991-09-03,"DILLINGHAM, AK",United States,,,,,Non-Fatal,Substantial,,N9438F,Cessna,208,No,1.0,Turbo Prop,,NSCH,Unknown,Markair Express Inc.,0.0,0.0,0.0,1.0,VMC,Maneuvering,Probable Cause,27-04-1993,Cessna 208
20001212X18180,Accident,NYC91LA250,1991-09-27,"UTICA, NY",United States,,,,,Non-Fatal,Substantial,,CFFSS,Mitsubishi,MU-2B-60,No,2.0,Turbo Prop,,NSCH,Unknown,Air 500 Limited,0.0,0.0,0.0,2.0,VMC,Climb,Probable Cause,03-05-1993,Mitsubishi MU-2B-60
20001212X18222,Incident,ANC92IA001,1991-10-02,"FAIRBANKS, AK",United States,,,,,Incident,Minor,,N200AK,Piper,PA-31-350,No,2.0,Reciprocating,,SCHD,Unknown,Frontier Flying Service Inc.,0.0,0.0,0.0,5.0,VMC,Cruise,Probable Cause,05-05-1993,Piper PA-31-350
20001212X18219,Accident,ANC92FA002,1991-10-03,"BETHEL, AK",United States,,,,,Non-Fatal,Substantial,,N20024,Cessna,172M,No,1.0,Reciprocating,,NSCH,Unknown,Village Aviation Corp (dba: Camai Air),0.0,0.0,0.0,5.0,VMC,Cruise,Probable Cause,31-03-1993,Cessna 172M
20001212X18223,Accident,ANC92LA003,1991-10-05,"AMBER BAY, AK",United States,,,,,Non-Fatal,Substantial,,N1681R,Cessna,A185F,No,1.0,Reciprocating,,NSCH,Unknown,"Windy's Mag Air, Inc.",0.0,0.0,0.0,3.0,VMC,Landing,Probable Cause,10-03-1993,Cessna A185F
20001212X18324,Accident,LAX92LA014,1991-10-14,"HILO, HI",United States,,,,,Non-Fatal,Substantial,,N35961,Aerospatiale,AS-350D,No,1.0,Turbo Shaft,,NSCH,Unknown,Papillon Hawallian Hel.,0.0,0.0,0.0,7.0,VMC,Maneuvering,Probable Cause,13-07-1993,Aerospatiale AS-350D
20001212X18226,Accident,ANC92LA008,1991-10-17,"DOG SALMON RIV, AK",United States,,,,,Non-Fatal,Substantial,,N2756J,Cessna,A185E,No,1.0,Reciprocating,,NSCH,Unknown,"Windy's Mag Air, Inc.",0.0,0.0,0.0,1.0,VMC,Approach,Probable Cause,10-03-1993,Cessna A185E
20001212X18221,Accident,ANC92FA006,1991-10-19,"ALLAKAKET, AK",United States,,,AET,ALLAKAKET,Non-Fatal,Substantial,,N299GL,Beech,BE-99,No,2.0,Turbo Prop,,SCHD,Unknown,"(dba: Frontier Flying Svc., Inc.)",0.0,0.0,0.0,9.0,VMC,Landing,Probable Cause,13-07-1993,Beech BE-99
20001212X18228,Accident,ANC92LA010,1991-10-26,"CHEVAK, AK",United States,,,VAK,CHEVAK,Non-Fatal,Substantial,,N724CA,De Havilland,DHC-6,No,2.0,Turbo Prop,,SCHD,Unknown,Markair Express Inc.,0.0,0.0,0.0,5.0,VMC,Takeoff,Probable Cause,09-03-1993,De Havilland DHC-6
20001212X18473,Accident,LAX92LA042,1991-11-10,"HILO, HI",United States,,,ITO,HILO INTERNATIONAL,Non-Fatal,Substantial,,N4193,Beech,D18S,No,2.0,Reciprocating,,NSCH,Unknown,Tomy International (dba: Scenic Air Tours),0.0,0.0,0.0,11.0,VMC,Cruise,Probable Cause,02-03-1993,Beech D18S
20001212X18509,Incident,NYC92IA030,1991-11-13,"TOLEDO, OH",United States,,,,,Incident,Minor,,N794AL,Douglas,DC-8-63,No,4.0,Turbo Fan,,NSCH,Unknown,Flagship Express,0.0,0.0,0.0,3.0,VMC,Climb,Probable Cause,05-05-1993,Douglas DC-8-63
20001212X18510,Incident,NYC92IA035,1991-11-21,"BUFFALO, NY",United States,,,,,Incident,Minor,,N146CA,Saab-fairchild,SF-340A,No,2.0,Turbo Prop,,SCHD,Unknown,Com Air Inc.,0.0,0.0,0.0,29.0,VMC,Descent,Probable Cause,13-08-1993,Saab-fairchild SF-340A
20001212X18432,Accident,CHI92LA031,1991-11-22,"SOUTH ST PAUL, MN",United States,,,STP,HOLMAN FIELD,Non-Fatal,Substantial,,N35H,Cessna,310R,No,2.0,Reciprocating,,NSCH,Unknown,"New Creations, Inc",0.0,0.0,0.0,1.0,VMC,Takeoff,Probable Cause,05-05-1993,Cessna 310R
20001212X18496,Accident,MIA92LA036,1991-11-29,"ZEPHYRHILLS, FL",United States,,,,,Non-Fatal,Substantial,,N9064M,Cessna,210M,No,1.0,Reciprocating,,NSCH,Unknown,Cherokee Express Air Cargo,0.0,0.0,0.0,1.0,VMC,Cruise,Probable Cause,27-05-1993,Cessna 210M
20001212X18442,Accident,DEN92LA012,1991-11-29,"DENVER, CO",United States,,,DEN,STAPLETON INTERNATIONAL,Non-Fatal,Substantial,,N354AC,Piper,PA-31-350,No,2.0,Reciprocating,,NSCH,Unknown,"Alpine Air, Inc.",0.0,0.0,0.0,2.0,IMC,Approach,Probable Cause,27-05-1993,Piper PA-31-350
20001212X18664,Accident,SEA92LA025,1991-12-01,"MISSOULA, MT",United States,,,MSO,JOHNSON-BELL,Non-Fatal,Substantial,,N26932,Swearingen,SA-227-AC,No,2.0,Turbo Prop,,SCHD,Unknown,Horizon Air,0.0,0.0,0.0,18.0,IMC,Landing,Probable Cause,23-04-1993,Swearingen SA-227-AC
20001212X18556,Accident,CHI92LA038,1991-12-03,"IOWA, IA",United States,,,IOW,IOWA CITY,Non-Fatal,Substantial,,N14TP,Swearingen,SA-226T,No,2.0,Turbo Prop,,NSCH,Unknown,"Iowa Flying Services, Inc",0.0,0.0,0.0,8.0,IMC,Landing,Probable Cause,23-04-1993,Swearingen SA-226T
20001212X18549,Accident,CHI92FA037,1991-12-04,"WEST CHICAGO, IL",United States,,,DPA,DUPAGE COUNTY,Non-Fatal,Destroyed,,N38RM,Beech,G-18S,No,2.0,Reciprocating,,NSCH,Unknown,"Viking Express (dba: Express, Inc.)",0.0,0.0,0.0,1.0,VMC,Takeoff,Probable Cause,13-07-1993,Beech G-18S
20001212X18623,Accident,LAX92LA069,1991-12-23,"CARLSBAD, CA",United States,,,CRQ,MCCLELLAN-PALOMAR,Non-Fatal,Substantial,,N44PA,Gates Learjet,LEAR 25B,No,2.0,Turbo Jet,,NSCH,Unknown,"Flight Management, Inc.",0.0,0.0,0.0,3.0,VMC,Landing,Probable Cause,23-04-1993,Gates Learjet LEAR 25B
20001211X13930,Accident,ANC92LA060,1992-01-02,"PORT WALTER, AK",United States,,,PWR,PORT WALTER,Non-Fatal,Substantial,,N64396,De Havilland,DHC-2,No,1.0,Reciprocating,,NSCH,Unknown,"Bellows, Kenneth A (dba: Bellair, Inc.)",0.0,0.0,0.0,1.0,VMC,Takeoff,Probable Cause,26-05-1993,De Havilland DHC-2
20001211X13927,Accident,ANC92LA025,1992-01-06,"ATMAUTLUAK, AK",United States,,,08AK,ATMAUTLUAK,Non-Fatal,Substantial,,N91361,Cessna,180,No,1.0,Reciprocating,,NSCH,Unknown,Hageland Aviation Services,0.0,0.0,0.0,2.0,VMC,Landing,Probable Cause,29-09-1993,Cessna 180
20001211X13928,Accident,ANC92LA027,1992-01-08,"ENGLISH BAY, AK",United States,,,KEB,ENGLISH BAY,Non-Fatal,Substantial,,N5282U,Cessna,206,No,1.0,Reciprocating,,NSCH,Unknown,"Southcentral Air, Inc.",0.0,0.0,0.0,2.0,VMC,Landing,Probable Cause,11-06-1993,Cessna 206
20001211X14052,Accident,SEA92LA058,1992-01-09,"SEATTLE, WA",United States,,,,,Non-Fatal,Substantial,,N91056,Cessna,207,No,1.0,Reciprocating,,NSCH,Unknown,"Richardson Aviation, Inc.",0.0,0.0,0.0,1.0,VMC,Descent,Probable Cause,13-08-1993,Cessna 207
20001211X13942,Incident,BFO92IA017,1992-01-12,"BALTIMORE, MD",United States,,,BWI,BALTIMORE-WASHINGTON INTL,Incident,Minor,,N923HA,De Havilland,DHC-8-102,No,2.0,Turbo Prop,,SCHD,Unknown,Usair Express (dba: Henson Aviation),0.0,0.0,0.0,33.0,VMC,Takeoff,Probable Cause,07-04-1995,De Havilland DHC-8-102
20001211X13924,Incident,ANC92IA029,1992-01-15,"PORT MOLLER, AK",United States,,,PML,PORT MOLLER,Incident,Minor,,N70076,Cessna,207,No,1.0,Reciprocating,,NSCH,Unknown,Markair Express,0.0,0.0,0.0,6.0,VMC,Takeoff,Probable Cause,30-06-1993,Cessna 207
20001211X13949,Accident,BFO92LA023,1992-01-17,"PUT IN BAY, OH",United States,,,OH30,PUT IN BAY,Non-Fatal,Substantial,,N9042X,Cessna,182-D,No,1.0,Reciprocating,,NSCH,Unknown,Travelair Taxi Inc.,0.0,0.0,0.0,2.0,VMC,Landing,Probable Cause,11-06-1993,Cessna 182-D
20001211X13959,Incident,CHI92IA079,1992-01-26,"LANSING, MI",United States,,,LAN,CAPITAL CITY,Incident,Minor,,N101UM,Aerospatiale,AS-355F1,No,2.0,Turbo Shaft,,NSCH,Unknown,Corporate Jets Inc.,0.0,0.0,0.0,4.0,VMC,Cruise,Probable Cause,30-06-1993,Aerospatiale AS-355F1
20001211X13925,Incident,ANC92IA030,1992-01-28,"ANCHORAGE, AK",United States,,,ANC,ANCHORAGE INTERNATIONAL,Incident,Minor,,N314SC,Piper,PA-31-T3,No,2.0,Turbo Prop,,SCHD,Unknown,South Central Air Inc.,0.0,0.0,0.0,7.0,IMC,Taxi,Probable Cause,30-06-1993,Piper PA-31-T3
20001211X14055,Accident,ANC92LA032,1992-02-04,"METLAKATLA, AK",United States,,,MTM,METLAKATLA,Non-Fatal,Substantial,,N13GA,De Havilland,DHC-3,No,1.0,Reciprocating,,SCHD,Unknown,"Taquan Air Service, Inc.",0.0,0.0,0.0,1.0,VMC,Approach,Probable Cause,11-06-1993,De Havilland DHC-3
20001211X14054,Accident,ANC92LA031,1992-02-04,"TUNUNAK, AK",United States,,,AK45,TUNUNAK,Non-Fatal,Substantial,,N76RL,Piper,PA-32-300,No,1.0,Reciprocating,,SCHD,Unknown,"Camai Air (dba: Village Aviation, Inc.)",0.0,0.0,0.0,1.0,VMC,Approach,Probable Cause,11-06-1993,Piper PA-32-300
20001211X14132,Accident,LAX92LA116,1992-02-14,"LANAI, HI",United States,,,LNY,LANAI,Non-Fatal,Substantial,,N33AP,Beech,D-18H,No,2.0,Reciprocating,,NSCH,Unknown,Polynesian Airways,0.0,0.0,0.0,1.0,VMC,Landing,Probable Cause,13-08-1993,Beech D-18H
20001211X14089,Accident,CHI92LA094,1992-02-21,"WASHINGTON, IN",United States,,,,,Non-Fatal,Substantial,,N732TR,Cessna,T210M,No,1.0,Reciprocating,,NSCH,Unknown,"Prompt Air, Inc.",0.0,0.0,0.0,1.0,VMC,Cruise,Probable Cause,30-06-1993,Cessna T210M
20001211X14065,Accident,ANC92LA045,1992-02-28,"QUINHAGAK, AK",United States,,,,,Non-Fatal,Substantial,,N6312H,Cessna,207A,No,1.0,Reciprocating,,NSCH,Unknown,"Markair Express, Inc.",0.0,0.0,0.0,1.0,VMC,Cruise,Probable Cause,26-05-1993,Cessna 207A
20001211X14332,Incident,MIA92IA090,1992-03-01,"FORT LAUDERDALE, FL",United States,,,FLL,FT.LAUDERDALE-HOLLYWOOD,Incident,Minor,,N6786C,Cessna,402C,No,2.0,Reciprocating,,SCHD,Unknown,Airways International,0.0,0.0,0.0,4.0,VMC,Landing,Probable Cause,14-09-1993,Cessna 402C
20001211X14238,Accident,BFO92LA033,1992-03-07,"QIOQUINTON, VA",United States,,,W96,NEW KENT CO.,Non-Fatal,Substantial,,N27613,Piper,PA-31-350,No,2.0,Reciprocating,,NSCH,Unknown,Eagle Aero Inc,0.0,0.0,0.0,1.0,IMC,Cruise,Probable Cause,30-06-1993,Piper PA-31-350
20001211X14334,Incident,MIA92IA100,1992-03-18,"MIAMI, FL",United States,,,MIA,MIAMI INTERNATIONAL,Incident,Minor,,N69SC,Cessna,402C,No,2.0,Reciprocating,,SCHD,Unknown,Gulfstream Int'l Airlines Inc,0.0,0.0,0.0,4.0,VMC,Approach,Probable Cause,14-09-1993,Cessna 402C
20001211X14235,Incident,BFO92IA046,1992-03-19,"LOUISVILLE, KY",United States,,,,STANDIFORD FIELD,Incident,Minor,,N681UP,Boeing,747-123,No,4.0,Turbo Fan,,SCHD,Unknown,United Parcel Service,0.0,0.0,0.0,4.0,VMC,Taxi,Probable Cause,28-09-1993,Boeing 747-123
20001211X14357,Accident,ANC92LA057,1992-04-02,"KOTZEBUE, AK",United States,,,OTZ,KOTZEBUE,Non-Fatal,Substantial,,N9909Z,Cessna,U206G,No,1.0,Reciprocating,,SCHD,Unknown,"Bering Air, Inc.",0.0,0.0,0.0,1.0,VMC,Takeoff,Probable Cause,26-05-1993,Cessna U206G
20001211X14419,Incident,FTW92IA104,1992-04-04,"LAMAR, CO",United States,,,LAA,LAMAR,Incident,Minor,,N137YV,Beech,1900C,No,2.0,Turbo Prop,,SCHD,Unknown,Air Midwest Inc.,0.0,0.0,0.0,6.0,VMC,Taxi,Probable Cause,30-06-1993,Beech 1900C
20001211X14358,Accident,ANC92LA058,1992-04-04,"KOTZEBUE, AK",United States,,,OTZ,KOTZEBUE,Non-Fatal,Substantial,,N3555C,Piper,PA-31-350,No,2.0,Reciprocating,,SCHD,Unknown,Frontier Flying Service,0.0,0.0,0.0,1.0,IMC,Approach,Probable Cause,26-05-1993,Piper PA-31-350
20001211X14475,Accident,MIA92FA115,1992-04-25,"MIAMI, FL",United States,,,MIA,MIAMI INTERNATIONAL,Non-Fatal,Substantial,,HK360,Boeing,707-324C,No,4.0,Turbo Fan,,SCHD,Unknown,Trans Aereos Mercan Pan Am (dba: Tampa Airlines),0.0,0.0,0.0,3.0,VMC,Takeoff,Probable Cause,16-12-1993,Boeing 707-324C
20001211X14435,Accident,FTW92LA121,1992-04-27,"HOUSTON, TX",United States,,,HOU,WILLIAM P. HOBBY,Non-Fatal,Substantial,,N140RD,Piper,PA-31-350,No,2.0,Reciprocating,,NSCH,Unknown,"Winemiller, Eric W. (dba: Winemiller Aviation)",0.0,0.0,0.0,3.0,VMC,Landing,Probable Cause,26-07-1993,Piper PA-31-350
20001211X14536,Accident,ANC92FA069B,1992-05-09,"RUTH GLACIER, AK",United States,,,,,Non-Fatal,Minor,,N1047F,Cessna,185,No,1.0,Reciprocating,,NSCH,Unknown,Douglas Geeting Aviation,0.0,0.0,0.0,10.0,VMC,Cruise,Probable Cause,17-09-1993,Cessna 185
20001211X14549,Accident,ANC92LA078,1992-05-24,"KAHILTNA GLACIE, AK",United States,,,,,Non-Fatal,Substantial,,N124KT,Cessna,185,No,1.0,Reciprocating,,NSCH,Unknown,Jim And Julie Okonek (dba: K2 Aviation),0.0,0.0,0.0,4.0,VMC,Takeoff,Probable Cause,30-08-1993,Cessna 185
20001211X14550,Accident,ANC92LA079,1992-05-25,"FUNTER BAY, AK",United States,,,,,Non-Fatal,Substantial,,N15950,Piper,PA-32-300,No,1.0,Reciprocating,,NSCH,Unknown,Steve R. Wilson (dba: Air Excursions),0.0,0.0,0.0,3.0,IMC,Maneuvering,Probable Cause,26-05-1993,Piper PA-32-300
20001211X14694,Accident,LAX92LA224,1992-05-30,"VOLCANOES NTL P, HI",United States,,,,,Non-Fatal,Substantial,,N1100A,Hughes,369D,No,1.0,Turbo Shaft,,NSCH,Unknown,Mauna Kea Helicopters,0.0,0.0,0.0,5.0,VMC,Cruise,Probable Cause,08-10-1993,Hughes 369D
20001211X14954,Accident,NYC92LA094,1992-06-01,"CLEVELAND, OH",United States,,,CLE,CLEVELAND HOPKINS,Non-Fatal,Substantial,,N225SC,Cessna,310R,No,2.0,Reciprocating,,NSCH,Unknown,"U.s. Check, Inc.",0.0,0.0,0.0,2.0,VMC,Taxi,Probable Cause,14-09-1993,Cessna 310R
20001211X14753,Accident,ANC92LA090,1992-06-10,"POLK INLET, AK",United States,,,,,Non-Fatal,Substantial,,N8395F,Mcdonnell Douglas,MD-500D,No,1.0,Turbo Shaft,,NSCH,Unknown,Cri Helicopters,0.0,0.0,0.0,4.0,VMC,Standing,Probable Cause,14-09-1993,Mcdonnell Douglas MD-500D
20001211X14752,Accident,ANC92LA089B,1992-06-10,"ANCHORAGE, AK",United States,,,MRI,MERRILL FIELD,Non-Fatal,Substantial,,N7392U,Cessna,207,No,1.0,Reciprocating,,NSCH,Unknown,"Spernak Airways, Inc.",0.0,0.0,0.0,3.0,VMC,Taxi,Probable Cause,26-05-1993,Cessna 207
20001211X14756,Accident,ANC92LA093,1992-06-17,"TALKEETNA, AK",United States,,,TKA,TALKEETNA STATE AIRPORT,Non-Fatal,Substantial,,N125KT,Cessna,185F,No,1.0,Reciprocating,,NSCH,Unknown,K2 Aviation,0.0,0.0,0.0,4.0,VMC,Landing,Probable Cause,26-05-1993,Cessna 185F
20001211X14758,Accident,ANC92LA095,1992-06-18,"QUINHAGAK, AK",United States,,,AQH,QUINHAGAK,Non-Fatal,Substantial,,N23CF,Cessna,207,No,1.0,Reciprocating,,NSCH,Unknown,"Hageland Avn. Services, Inc.",0.0,0.0,0.0,5.0,VMC,Takeoff,Probable Cause,26-05-1993,Cessna 207
20001211X14759,Accident,ANC92LA096,1992-06-20,"SOLE LAKE, AK",United States,,,,,Non-Fatal,Substantial,,N1589F,Cessna,185,No,1.0,Reciprocating,,NSCH,Unknown,Hudson Air Service,0.0,0.0,0.0,3.0,VMC,Landing,Probable Cause,26-05-1993,Cessna 185
20001211X14984,Accident,NYC92LA128,1992-06-25,"BOSTON, MA",United States,,,BOS,LOGAN INTERNATIONAL,Non-Fatal,Substantial,,N2691W,Fairchild,SA-227AC,No,2.0,Turbo Prop,,SCHD,Unknown,Northeast Express Airlines,0.0,0.0,0.0,21.0,VMC,Landing,Probable Cause,14-09-1993,Fairchild SA-227AC
20001211X15129,Incident,DEN92IA072,1992-07-08,"LAMAR, CO",United States,,,LAA,LAMAR MUNICIPAL,Incident,Minor,,N3030K,Piper,PA-34-200T,No,2.0,Reciprocating,,NSCH,Unknown,Lyddon Flying Service (dba: Baan Aire),0.0,0.0,0.0,3.0,VMC,Approach,Probable Cause,26-05-1993,Piper PA-34-200T
20001211X15025,Accident,ANC92LA108,1992-07-20,"DILLINGHAM, AK",United States,,,,,Non-Fatal,Substantial,,N9975M,Cessna,207,No,1.0,Reciprocating,,SCHD,Unknown,Markair Express Inc.,0.0,0.0,0.0,1.0,VMC,Cruise,Probable Cause,14-09-1993,Cessna 207
20001211X15026,Accident,ANC92LA109,1992-07-22,"MCGRATH, AK",United States,,,,,Non-Fatal,Substantial,,N41755,De Havilland,DHC-3,Yes,1.0,Reciprocating,,NSCH,Unknown,"Woods Air Service, Inc.",0.0,0.0,0.0,2.0,VMC,Cruise,Probable Cause,28-09-1993,De Havilland DHC-3
20001211X15033,Accident,ANC92LA117,1992-07-30,"ANAKTUVUK PASS, AK",United States,,,,,Non-Fatal,Substantial,,N27532,Cessna,A-185-F,No,1.0,Reciprocating,,NSCH,Unknown,"Wright Air Service, Inc.",0.0,0.0,0.0,2.0,VMC,Takeoff,Probable Cause,26-05-1993,Cessna A-185-F
20001211X15278,Accident,ANC92LA118,1992-08-03,"PILOT STATION, AK",United States,,,,,Non-Fatal,Substantial,,N70364,Cessna,207A,No,1.0,Reciprocating,,SCHD,Unknown,"Markair Express, Inc. (dba: Markair Express)",0.0,0.0,0.0,1.0,VMC,Cruise,Probable Cause,21-06-1993,Cessna 207A
20001211X15382,Accident,DEN92FA081,1992-08-04,"HOLYOKE, CO",United States,,,8V5,HOLYOKE,Non-Fatal,Substantial,,N4504Q,Cessna,402A,No,2.0,Reciprocating,,NSCH,Unknown,Capital Aviation Corp.,0.0,0.0,0.0,5.0,VMC,Takeoff,Probable Cause,30-06-1993,Cessna 402A
20001211X15283,Accident,ANC92LA123,1992-08-08,"NUIQSUT, AK",United States,,,10AK,NUIQSUT,Non-Fatal,Substantial,,N216CS,Beech,C99,No,2.0,Turbo Prop,,NSCH,Unknown,"Cape Smythe Air Services, Inc.",0.0,0.0,0.0,2.0,VMC,Approach,Probable Cause,26-08-1993,Beech C99
20001211X15511,Accident,NYC92LA166,1992-08-18,"PHILADELPHIA, PA",United States,,,PNE,NORTHEAST PHILADELPHIA,Non-Fatal,Substantial,,N66LA,Mitsubishi,MU-2-60,No,2.0,Turbo Prop,,NSCH,Unknown,Epps Air Service,0.0,0.0,0.0,2.0,VMC,Cruise,Probable Cause,26-05-1993,Mitsubishi MU-2-60
20001211X15419,Accident,FTW92LA214,1992-08-19,"AMELIA, LA",United States,,,,,Non-Fatal,Substantial,,N1867Q,Cessna,A185F,No,1.0,Reciprocating,,NSCH,Unknown,C. Hammon's Flying Service Inc (dba: Hammon's Air Service),0.0,0.0,0.0,4.0,VMC,Takeoff,Probable Cause,30-06-1993,Cessna A185F
20001211X15471,Incident,MIA92IA166,1992-08-21,"MIAMI, FL",United States,,,MIA,MIAMI INTERNATIONAL,Incident,Minor,,N748UP,Douglas,DC-8-71F,No,4.0,Turbo Fan,,NSCH,Unknown,United Parcel Service Co.,0.0,0.0,0.0,3.0,VMC,Taxi,Probable Cause,29-08-1994,Douglas DC-8-71F
20001211X15299,Accident,ANC92LA140,1992-08-22,"TOGIAK, AK",United States,,,TFI,TOGIAK FISHERIES,Non-Fatal,Substantial,,N8402S,Piper,PA-32,No,1.0,Reciprocating,,SCHD,Unknown,"Peninsula Airways, Inc. (dba: Penair)",0.0,0.0,0.0,5.0,VMC,Takeoff,Probable Cause,14-09-1993,Piper PA-32
20001211X15348,Incident,CHI92IA260,1992-08-28,"MORTON GROVE, IL",United States,,,ORD,O'HARE INTERNATIONAL,Incident,Minor,,N845AX,Douglas,DC-8-61,No,4.0,Turbo Fan,,NSCH,Unknown,Airborne Express Inc.,0.0,0.0,0.0,6.0,VMC,Climb,Probable Cause,16-12-1993,Douglas DC-8-61
20001211X15307,Accident,ANC92LA151,1992-08-29,"YAKUTAT, AK",United States,,,YAK,YAKUTAT,Non-Fatal,Substantial,,N3347L,Cessna,185E,No,1.0,Reciprocating,,NSCH,Unknown,"Gulf Air Taxi, Inc.",0.0,0.0,0.0,6.0,VMC,Landing,Probable Cause,28-09-1993,Cessna 185E
20001211X15650,Accident,CHI92LA263,1992-09-02,"ALMONT, MI",United States,,,,,Non-Fatal,Substantial,,N7882Q,Cessna,402B,No,2.0,Reciprocating,,NSCH,Unknown,Royal Air Freight,0.0,0.0,0.0,1.0,VMC,Approach,Probable Cause,30-06-1993,Cessna 402B
20001211X15760,Accident,MIA92LA189,1992-09-21,"ORLANDO, FL",United States,,,ORL,ORLANDO EXECUTIVE,Non-Fatal,Substantial,,N2013S,Cessna,210L,No,1.0,Reciprocating,,NSCH,Unknown,"Flight Express, Inc.",0.0,0.0,0.0,1.0,VMC,Approach,Probable Cause,26-05-1993,Cessna 210L
20001211X15759,Accident,MIA92LA188,1992-09-21,"ORLANDO, FL",United States,,,ORL,ORLANDO EXECUTIVE,Non-Fatal,Substantial,,N777BK,Cessna,210L,No,1.0,Reciprocating,,NSCH,Unknown,"Flight Express, Inc.",0.0,0.0,0.0,1.0,VMC,Approach,Probable Cause,14-09-1993,Cessna 210L
20001211X15579,Accident,ANC92LA181,1992-09-29,"PETERSBURG, AK",United States,,,,,Non-Fatal,Destroyed,,N4891Q,Cessna,185,No,1.0,Reciprocating,,NSCH,Unknown,"Rodney Judy (dba: Pacific Wing, Inc)",0.0,0.0,0.0,2.0,VMC,Takeoff,Probable Cause,26-05-1993,Cessna 185
20001211X15798,Accident,ANC93LA005,1992-10-06,"NIGHTMUTE, AK",United States,,,AK08,NIGHTMUTE,Non-Fatal,Substantial,,N76RL,Piper,PA-32-300,No,1.0,Reciprocating,,SCHD,Unknown,Camai Air,0.0,0.0,0.0,2.0,VMC,Approach,Probable Cause,26-05-1993,Piper PA-32-300
20001211X15875,Accident,FTW93LA020,1992-10-20,"DFW AIRPORT, TX",United States,,,DFW,DFW INTERNATIONAL,Non-Fatal,Substantial,,N404AE,British Aerospace,3100,No,2.0,Turbo Prop,,SCHD,Unknown,Metro Airlines (dba: American Eagle),0.0,0.0,0.0,18.0,VMC,Taxi,Probable Cause,30-06-1993,British Aerospace 3100
20001211X16010,Incident,CHI93IA035,1992-11-13,"CHICAGO, IL",United States,,,,,Incident,Minor,,N870SJ,Mcdonnell Douglas,DC-8-71,No,4.0,Turbo Fan,,NSCH,Unknown,Southern Air Transport,0.0,0.0,0.0,3.0,VMC,Climb,Probable Cause,14-09-1993,Mcdonnell Douglas DC-8-71
20001211X16027,Accident,DEN93LA011,1992-11-15,"DENVER, CO",United States,,,DEN,STAPLETON INT'L,Non-Fatal,Substantial,,N317BH,Beech,1900C,No,2.0,Turbo Prop,,SCHD,Unknown,"Britt Airways, Inc. (dba: Continental Express)",0.0,0.0,0.0,18.0,VMC,Taxi,Probable Cause,30-08-1993,Beech 1900C
20001211X16106,Accident,SEA93LA027,1992-11-21,"BILLINGS, MT",United States,,,BIL,BILLINGS LOGAN INTERNAT.,Non-Fatal,Substantial,,N139PA,Swearingen,SA-226TC,No,2.0,Turbo Prop,,SCHD,Unknown,Big Sky Transportation Co (dba: Big Sky Airlines),0.0,0.0,0.0,2.0,VMC,Landing,Probable Cause,26-05-1993,Swearingen SA-226TC
20001211X16001,Accident,BFO93LA012,1992-11-22,"CLEVELAND, OH",United States,,,CLE,CLEVELAND,Non-Fatal,Substantial,,N893WA,Learjet,25B,No,2.0,Turbo Jet,,NSCH,Unknown,Flight Operations Inc,0.0,0.0,0.0,5.0,IMC,Landing,Probable Cause,28-09-1993,Learjet 25B
20001211X16021,Accident,CHI93LA040,1992-11-27,"RICE LAKE, WI",United States,,,RIE,RICE LAKE,Non-Fatal,Substantial,,N7989Q,Cessna,401B,No,2.0,Reciprocating,,NSCH,Unknown,"Freight Runners Express, Inc. (dba: Air Charter Express)",0.0,0.0,0.0,1.0,VMC,Landing,Probable Cause,28-09-1993,Cessna 401B
20001211X16111,Accident,ANC93LA019,1992-12-04,"SCAMMON BAY, AK",United States,,,SCM,SCAMMON BAY,Non-Fatal,Substantial,,N8374T,Piper,PA-32-301,No,1.0,Reciprocating,,NSCH,Unknown,"Mark Hickel (dba: Delta Air Service, Inc.)",0.0,0.0,0.0,7.0,IMC,Maneuvering,Probable Cause,30-08-1993,Piper PA-32-301
20001211X16147,Accident,DEN93FA015,1992-12-09,"DENVER, CO",United States,,,,,Non-Fatal,Substantial,,N810CK,Douglas,DC-8-52,No,4.0,Turbo Jet,,NSCH,Unknown,Connie Kalitta Services (dba: American Int'l Airways),0.0,0.0,0.0,3.0,VMC,Cruise,Probable Cause,30-08-1993,Douglas DC-8-52
20001211X16186,Accident,LAX93LA071,1992-12-21,"HILO, HI",United States,,,,,Non-Fatal,Substantial,,N113RS,Hughes,369D,No,1.0,Turbo Shaft,,NSCH,Unknown,Mauna Kea Helicopters,0.0,0.0,0.0,5.0,VMC,Cruise,Probable Cause,30-08-1993,Hughes 369D
20001211X16250,Accident,SEA93LA047,1992-12-29,"BILLINGS, MT",United States,,,BIL,BILLINGS,Non-Fatal,Substantial,,N2783Q,Aero Commander,AC-500B,No,2.0,Reciprocating,,NSCH,Unknown,Corporate Air,0.0,0.0,0.0,1.0,VMC,Takeoff,Probable Cause,14-09-1993,Aero Commander AC-500B
20001211X11684,Accident,CHI93MA061,1993-01-02,"HIBBING, MN",United States,,,HIB,HIBBING-CHISHOLM,Non-Fatal,Substantial,,N342PX,Saab-scania Ab (saab),340A,No,2.0,Turbo Prop,,SCHD,Unknown,Express I (dba: Northwest Airlink),0.0,0.0,0.0,31.0,IMC,Landing,Probable Cause,21-04-1994,Saab-scania Ab (saab) 340A
20001211X11733,Accident,MIA93LA044,1993-01-03,"FORT MYERS, FL",United States,,,RSW,SOUTHWEST FLORIDA REG.,Non-Fatal,Substantial,,N18YV,Beech,1900D,No,2.0,Turbo Prop,,SCHD,Unknown,"Mesa Airlines, Inc. (dba: Usair Express)",0.0,0.0,0.0,3.0,VMC,Landing,Probable Cause,10-02-1994,Beech 1900D
20001211X11640,Incident,ANC93IA026,1993-01-07,"AKUTAN, AK",United States,,,,,Incident,Minor,,N22932,Grumman,G-21A,No,2.0,Reciprocating,,SCHD,Unknown,"Peninsula Airways, Inc.",0.0,0.0,0.0,8.0,VMC,Landing,Probable Cause,03-12-1993,Grumman G-21A
20001211X11665,Incident,CHI93IA069,1993-01-09,"SAVOY, IL",United States,,,CMI,U. OF I. WILLARD APT,Incident,Minor,,N433AW,De Havilland,DHC-8-311,No,2.0,Turbo Prop,,SCHD,Unknown,"Air Wisconsin, Inc. (dba: United Express)",0.0,0.0,0.0,40.0,VMC,Takeoff,Probable Cause,03-11-1993,De Havilland DHC-8-311
20001211X11657,Accident,BFO93LA020,1993-01-10,"MANCHESTER, NH",United States,,,MHT,MANCHESTER,Non-Fatal,Substantial,,N245RP,Dornier,DO-228-202,No,2.0,Turbo Prop,,SCHD,Unknown,Precision Airlines,0.0,0.0,0.0,5.0,VMC,Takeoff,Probable Cause,13-10-1993,Dornier DO-228-202
20001211X11755,Incident,SEA93IA050,1993-01-11,"RIVERTON, WY",United States,,,RIW,RIVERTON REGIONAL,Incident,Minor,,N34010,Beech,1900C,No,2.0,Turbo Prop,,SCHD,Unknown,Britt Airways/continental Exp.,0.0,0.0,0.0,11.0,IMC,Taxi,Probable Cause,13-10-1993,Beech 1900C
20001211X11693,Incident,FTW93IA067,1993-01-15,"DFW AIRPORT, TX",United States,,,,,Incident,Minor,,N8041U,Mcdonnell Douglas,DC8-55,No,4.0,Turbo Jet,,NSCH,Unknown,Zantop International,0.0,0.0,0.0,3.0,VMC,Climb,Probable Cause,03-12-1993,Mcdonnell Douglas DC8-55
20001211X11643,Accident,ANC93LA029,1993-01-29,"PORT HEIDEN, AK",United States,,,,,Non-Fatal,Substantial,,N8327S,Piper,PA-32,No,1.0,Reciprocating,,NSCH,Unknown,"Peninsula Airways, Inc.",0.0,0.0,0.0,1.0,VMC,Cruise,Probable Cause,13-10-1993,Piper PA-32
20001211X11886,Accident,SEA93LA060,1993-02-03,"KEUTERVILLE, ID",United States,,,,SPENCER RANCH,Non-Fatal,Substantial,,N2837J,Cessna,206G,No,1.0,Reciprocating,,NSCH,Unknown,Grangeville Air Service,0.0,0.0,0.0,1.0,VMC,Maneuvering,Probable Cause,13-10-1993,Cessna 206G
20001211X11766,Accident,ANC93FA034,1993-02-20,"NOME, AK",United States,,,OME,NOME,Non-Fatal,Destroyed,,N4182G,Cessna,402C,No,2.0,Reciprocating,,SCHD,Unknown,Ryan Air Service,0.0,0.0,0.0,2.0,IMC,Takeoff,Probable Cause,15-11-1993,Cessna 402C
20001211X12020,Incident,MIA93IA083,1993-03-07,"EVERGLADES CITY, FL",United States,,,XO1,EVERGLADES,Incident,Minor,,N3836C,Aero Commander,500,No,2.0,Reciprocating,,NSCH,Unknown,Palm Beach Aviation,0.0,0.0,0.0,7.0,VMC,Takeoff,Probable Cause,30-06-1994,Aero Commander 500
20001211X12048,Accident,SEA93LA081,1993-03-22,"FRIDAY HARBOR, WA",United States,,,FHR,FRIDAY HARBOR,Non-Fatal,Substantial,,N8768Q,Cessna,U206F,No,1.0,Reciprocating,,SCHD,Unknown,West Isle Air,0.0,0.0,0.0,1.0,VMC,Taxi,Probable Cause,13-10-1993,Cessna U206F
20001211X11914,Incident,BFO93IA057,1993-03-23,"ROCHESTER, NY",United States,,,,,Incident,Minor,,N496UE,British Aerospace,BAE3201,No,2.0,Turbo Prop,,SCHD,Unknown,Atlantic Coast Airlines (dba: United Express),0.0,0.0,0.0,2.0,VMC,Climb,Probable Cause,03-11-1993,British Aerospace BAE3201
20001211X11963,Accident,DCA93MA033,1993-03-31,"ANCHORAGE, AK",United States,,,ANC,ANCHORAGE INTL,Non-Fatal,Substantial,,N473EV,Boeing,747-121,No,4.0,Turbo Fan,,SCHD,Unknown,Japan Airlines,0.0,0.0,0.0,5.0,VMC,Climb,Probable Cause,10-05-1994,Boeing 747-121
20001211X12153,Incident,FTW93IA125,1993-04-12,"ALEXANDRIA, LA",United States,,,,,Incident,Minor,,9KADD,Boeing,747-269BC,No,4.0,Turbo Jet,,NSCH,Unknown,(dba: Kuwait Airlines),0.0,0.0,0.0,40.0,VMC,Climb,Probable Cause,26-09-1994,Boeing 747-269BC
20001211X12056,Accident,ANC93LA052,1993-04-12,"KASIGLUK, AK",United States,,,Z09,KASIGLUK,Non-Fatal,Substantial,,N13147,Cessna,172M,No,1.0,Reciprocating,,SCHD,Unknown,Yute Air Alaska,0.0,0.0,0.0,4.0,VMC,Takeoff,Probable Cause,31-08-1994,Cessna 172M
20001211X12264,Accident,ANC93LA059,1993-05-01,"KASIGLUK, AK",United States,,,Z09,KASIGLUK,Non-Fatal,Substantial,,N6332D,Cessna,172,No,1.0,Reciprocating,,NSCH,Unknown,(dba: Robair),0.0,0.0,0.0,4.0,VMC,Takeoff,Probable Cause,18-08-1994,Cessna 172
20001211X12347,Accident,CHI93LA160,1993-05-04,"MUSKEGON, MI",United States,,,MKG,MUSKEGON COUNTY,Non-Fatal,Substantial,,N254AT,Aerospatiale,ATR-42-300,No,2.0,Turbo Prop,,SCHD,Unknown,Simmons Airlines (dba: American Eagle),0.0,0.0,0.0,44.0,VMC,Landing,Probable Cause,03-11-1993,Aerospatiale ATR-42-300
20001211X12455,Accident,MIA93LA119,1993-05-11,"OCHOPEE, FL",United States,,,TNT,DADE COLLIER,Non-Fatal,Substantial,,N9985V,Cessna,172M,No,1.0,Reciprocating,,NSCH,Unknown,Wyatt Aviation Services,0.0,0.0,0.0,3.0,VMC,Takeoff,Probable Cause,25-03-1994,Cessna 172M
20001211X12401,Accident,FTW93LA162,1993-05-22,"TIMBALIER ISLE, LA",United States,,,,,Non-Fatal,Substantial,,N3588,Cessna,A185F,No,1.0,Reciprocating,,NSCH,Unknown,Southern Seaplane Inc.,0.0,0.0,0.0,4.0,VMC,Takeoff,Probable Cause,25-10-1993,Cessna A185F
20001211X12269,Accident,ANC93LA068,1993-05-25,"KIVALINA, AK",United States,,,KVL,KIVALINA,Non-Fatal,Substantial,,N401NA,Cessna,402B,No,2.0,Reciprocating,,SCHD,Unknown,Alaska Island Air,0.0,0.0,0.0,2.0,VMC,Takeoff,Probable Cause,18-08-1994,Cessna 402B
20001211X12276,Accident,ANC93LA079,1993-05-31,"KAHILTNA GLACIE, AK",United States,,,,,Non-Fatal,Substantial,,N333DG,Cessna,A185F,No,1.0,Reciprocating,,NSCH,Unknown,Doug Geeting Aviation (dba: Doug Geeting Aviation),0.0,0.0,0.0,4.0,VMC,Takeoff,Probable Cause,30-06-1994,Cessna A185F
20001211X12505,Accident,ANC93LA090,1993-06-12,"KIVALINA, AK",United States,,,KVL,KIVALINA,Non-Fatal,Substantial,,N222JA,Cessna,402,No,2.0,Reciprocating,,NSCH,Unknown,Alaska Island Air,0.0,0.0,0.0,1.0,VMC,Landing,Probable Cause,02-12-1994,Cessna 402
20001211X12497,Incident,ANC93IA093,1993-06-13,"PORTAGE, AK",United States,,,,,Incident,Minor,,N4672U,Cessna,206,No,1.0,Reciprocating,,NSCH,Unknown,Jim Air,0.0,0.0,0.0,3.0,VMC,Climb,Probable Cause,30-06-1994,Cessna 206
20001211X12655,Accident,LAX93LA258,1993-06-17,"STONEYFORD, CA",United States,,,,,Non-Fatal,Substantial,,N38EA,Bell,206B3,No,1.0,Turbo Shaft,,NSCH,Unknown,"Smith Helicopters, Inc.",0.0,0.0,0.0,1.0,VMC,Taxi,Probable Cause,30-06-1994,Bell 206B3
20001211X12512,Accident,ANC93LA098,1993-06-19,"GRAYLING, AK",United States,,,KGX,GRAYLING,Non-Fatal,Substantial,,N9869M,Cessna,207,No,1.0,Reciprocating,,NSCH,Unknown,"Markair Express, Inc.",0.0,0.0,0.0,1.0,VMC,Landing,Probable Cause,30-06-1994,Cessna 207
20001211X12802,Accident,BFO93LA121,1993-07-12,"CINCINNATI, OH",United States,,,,,Non-Fatal,Substantial,,N37167,Cessna,404,No,2.0,Reciprocating,,NSCH,Unknown,Bowman Aviation,0.0,0.0,0.0,8.0,VMC,Cruise,Probable Cause,26-09-1994,Cessna 404
20001211X12749,Accident,ANC93LA121,1993-07-19,"KELLY RIVER BAR, AK",United States,,,,,Non-Fatal,Substantial,,N756AH,Cessna,206G,No,1.0,Reciprocating,,NSCH,Unknown,(dba: Northwestern Aviation),0.0,0.0,0.0,5.0,VMC,Takeoff,Probable Cause,18-11-1994,Cessna 206G
20001211X12830,Incident,CHI93IA312,1993-07-20,"CHICAGO, IL",United States,,,,,Incident,Minor,,N611AW,British Aerospace,146-300A,No,4.0,Turbo Fan,,SCHD,Unknown,"Air Wisconsin, Inc. (dba: United Express)",0.0,0.0,0.0,8.0,VMC,Takeoff,Probable Cause,20-10-1994,British Aerospace 146-300A
20001211X12752,Accident,ANC93LA125,1993-07-23,"CORDOVA, AK",United States,,,,,Non-Fatal,Substantial,,N3115Y,Hughes,369D,No,1.0,Turbo Shaft,,NSCH,Unknown,"Soloy Helicopters, Inc.",0.0,0.0,0.0,2.0,VMC,Maneuvering,Probable Cause,17-08-1994,Hughes 369D
20001211X12829,Incident,CHI93IA280,1993-07-24,"DANVILLE, IL",United States,,,,,Incident,Minor,,N915CA,Canadair,CL600-2B19,No,2.0,Turbo Fan,,SCHD,Unknown,Comair,0.0,0.0,0.0,21.0,VMC,Climb,Probable Cause,13-09-1994,Canadair CL600-2B19
20001211X12753,Accident,ANC93LA126,1993-07-24,"EGEGIK, AK",United States,,,,,Non-Fatal,Substantial,,N9993M,Cessna,207,No,1.0,Reciprocating,,NSCH,Unknown,"Markair Express, Inc.",0.0,0.0,0.0,4.0,VMC,Takeoff,Probable Cause,18-08-1994,Cessna 207
20001211X12867,Accident,CHI93LA287,1993-07-27,"NEOSHO, MO",United States,,,EDS,NEOSHO MEMORIAL AIRPORT,Non-Fatal,Substantial,,N761DD,Cessna,T210M,No,1.0,Reciprocating,,NSCH,Unknown,Hunt Air Couriers (dba: Hunt Air Couriers),0.0,0.0,0.0,1.0,VMC,Approach,Probable Cause,20-10-1994,Cessna T210M
20001211X13195,Incident,MIA93IA168,1993-08-02,"MIAMI, FL",United States,,,MIA,MIAMI INTERNATIONAL,Incident,Minor,,N107BV,Boeing,707-341,No,4.0,Turbo Fan,,NSCH,Unknown,Fast Air Carrier Ltd,0.0,0.0,0.0,3.0,VMC,Takeoff,Probable Cause,01-08-1994,Boeing 707-341
20001211X13031,Accident,ANC93LA141,1993-08-09,"BERNARD GLACIER, AK",United States,,,,REMOTE STRIP,Non-Fatal,Substantial,,N1200A,Piper,PA-18,No,1.0,Reciprocating,,NSCH,Unknown,(dba: Wrangell Mountain Avn),0.0,0.0,0.0,2.0,VMC,Landing,Probable Cause,02-12-1994,Piper PA-18
20001211X13268,Accident,SEA93LA176,1993-08-12,"STIBNITE, ID",United States,,,,PISTOL CREEK,Non-Fatal,Substantial,,N2690Z,Cessna,185C,No,1.0,Reciprocating,,NSCH,Unknown,Pere Air (dba: Pere Air),0.0,0.0,0.0,3.0,VMC,Landing,Probable Cause,26-09-1994,Cessna 185C
20001211X13274,Accident,SEA93LA184,1993-08-25,"CHALLIS, ID",United States,,,,LOWER LOON CREEK AIRSTRIP,Non-Fatal,Substantial,,N3431L,Cessna,206B,No,1.0,Reciprocating,,NSCH,Unknown,(dba: Stanley Air Taxi),0.0,0.0,0.0,1.0,VMC,Landing,Probable Cause,01-08-1994,Cessna 206B
20001211X13044,Accident,ANC93LA158,1993-08-27,"MOUNT ILIAMNA, AK",United States,,,,,Non-Fatal,Substantial,,N5074R,Hughes,369D,No,1.0,Turbo Shaft,,NSCH,Unknown,"Soloy Helicopters, Inc.",0.0,0.0,0.0,5.0,VMC,Maneuvering,Probable Cause,30-06-1994,Hughes 369D
20001211X13121,Accident,CHI93LA341,1993-08-28,"ST LOUIS, MO",United States,,,STL,ST. LOUIS LAMBERT,Non-Fatal,Substantial,,N2623C,Cessna,R182,No,1.0,Reciprocating,,NSCH,Unknown,St. Charles Flying Service,0.0,0.0,0.0,1.0,VMC,Landing,Probable Cause,25-07-1994,Cessna R182
20001211X13325,Incident,BFO93IA176,1993-09-15,"TOLEDO, OH",United States,,,,,Incident,Minor,,N870BX,Douglas,DC-8-63,No,4.0,Turbo Jet,,SCHD,Unknown,American International (dba: Connie Kalitta Services),0.0,0.0,0.0,7.0,IMC,Approach,Probable Cause,02-12-1994,Douglas DC-8-63
20001211X13296,Accident,ANC93LA184,1993-09-17,"KETCHIKAN, AK",United States,,,5KE,KETCHIKAN SPB,Non-Fatal,Substantial,,N84627,Cessna,185,No,1.0,Reciprocating,,NSCH,Unknown,"Ketchikan Air Service, Inc. (dba: Ketchikan Air Service)",0.0,0.0,0.0,3.0,VMC,Takeoff,Probable Cause,30-06-1994,Cessna 185
20001211X13384,Accident,CHI93LA371,1993-09-21,"LONE ROCK, WI",United States,,,LNR,TRI-COUNTY REGIONAL,Non-Fatal,Substantial,,N9825Q,Piper,PA-60-601,No,2.0,Reciprocating,,NSCH,Unknown,(dba: Starcheck),0.0,0.0,0.0,1.0,VMC,Cruise,Probable Cause,25-07-1994,Piper PA-60-601
20001211X13284,Incident,ANC93IA188,1993-09-25,"ANCHORAGE, AK",United States,,,ANC,ANCHORAGE,Incident,Minor,,N629US,Boeing,747-200,No,4.0,Turbo Fan,,SCHD,Unknown,"Northwest Airlines, Inc",0.0,0.0,0.0,3.0,VMC,Takeoff,Probable Cause,02-12-1994,Boeing 747-200
20001211X13558,Accident,FTW94LA003,1993-10-01,"DFW AIRPORT, TX",United States,,,DFW,DFW INTERNATIONAL,Non-Fatal,Substantial,,N9762B,Cessna,208B,No,1.0,Turbo Prop,,NSCH,Unknown,"Martinaire, Inc.",0.0,0.0,0.0,1.0,VMC,Taxi,Probable Cause,01-08-1994,Cessna 208B
20001211X13675,Accident,ANC94LA016,1993-11-08,"CHEFORNAK, AK",United States,,,Z74,CHEFORNAK,Non-Fatal,Substantial,,N185FK,Cessna,A185F,No,1.0,Reciprocating,,NSCH,Unknown,Hageland Aviation Services,0.0,0.0,0.0,1.0,VMC,Takeoff,Probable Cause,25-07-1994,Cessna A185F
20001211X13732,Incident,FTW94IA032,1993-11-11,"SUGAR LAND, TX",United States,,,SGR,SUGAR LAND MUNICIPAL,Incident,Minor,,N688NE,Fairchild,SA227-AC,No,2.0,Turbo Prop,,SCHD,Unknown,Conquest Airlines Corporation,0.0,0.0,0.0,4.0,VMC,Landing,Probable Cause,13-09-1994,Fairchild SA227-AC
20001211X13782,Accident,MIA94LA023A,1993-11-15,"ORLANDO, FL",United States,,,ORL,ORLANDO EXECUTIVE AIRPORT,Non-Fatal,Substantial,,N91WW,Piper,PA-60,No,2.0,Reciprocating,,NSCH,Unknown,(dba: Cherokee Express),0.0,0.0,0.0,3.0,VMC,Taxi,Probable Cause,13-09-1994,Piper PA-60
20001211X13783,Accident,MIA94LA024,1993-11-19,"TAMPA, FL",United States,,,,,Non-Fatal,Substantial,,N8260Q,Cessna,U206F,No,1.0,Reciprocating,,NSCH,Unknown,Red Baron Aviation Inc.,0.0,0.0,0.0,2.0,VMC,Climb,Probable Cause,13-09-1994,Cessna U206F
20001211X13673,Incident,ANC94IA020,1993-11-30,"KING SALMON, AK",United States,,,AKN,KING SALMON,Incident,Minor,,N630PA,Swearingen,SA227,No,2.0,Turbo Prop,,SCHD,Unknown,(dba: Penair),0.0,0.0,0.0,11.0,VMC,Takeoff,Probable Cause,26-09-1994,Swearingen SA227
20001211X13814,Accident,ANC94LA026,1993-12-12,"PORT LIONS, AK",United States,,,ORI,PORT LIONS,Non-Fatal,Substantial,Airplane,N43527,Piper,PA-32,No,1.0,Reciprocating,Part 135: Air Taxi & Commuter,NSCH,Unknown,Peninsula Airways (dba: Penair),0.0,0.0,0.0,5.0,VMC,Landing,Probable Cause,19-03-2009,Piper PA-32
20001211X13837,Accident,CHI94LA052,1993-12-17,"BIG RAPIDS, MI",United States,,,77D,ROBEN-HOOD,Non-Fatal,Substantial,,N8919G,Cessna,404,No,1.0,Reciprocating,,NSCH,Unknown,Superior Aviation,0.0,0.0,0.0,1.0,IMC,Approach,Probable Cause,18-01-1995,Cessna 404
20001206X00654,Accident,LAX94LA111,1994-01-08,"SANTA ROSA ISL, CA",United States,,,,SANTA ROSA ISLAND,Non-Fatal,Substantial,,N55JA,Britten-norman,BN2A-8 ISLANDER,No,2.0,Reciprocating,,NSCH,Unknown,Channel Islands Aviation,0.0,0.0,0.0,10.0,VMC,Landing,Probable Cause,14-11-1994,Britten-norman BN2A-8 ISLANDER
20001206X00587,Accident,ATL94LA045A,1994-01-27,"MEMPHIS, TN",United States,,,MEM,MEMPHIS INTERNATIONAL,Non-Fatal,Substantial,,N3844C,Cessna,310R,No,2.0,Reciprocating,,NSCH,Unknown,"Ras, Inc.",0.0,0.0,0.0,2.0,VMC,Taxi,Probable Cause,14-11-1994,Cessna 310R
20001206X00623,Incident,FTW94IA077,1994-01-31,"AMARILLO, TX",United States,,,AMA,AMARILLO INTERNATIONAL,Incident,Minor,,N1437B,Fokker,F28 MK O100,No,2.0,Turbo Fan,,SCHD,Unknown,(dba: American Airlines),0.0,0.0,0.0,28.0,VMC,Takeoff,Probable Cause,14-02-1995,Fokker F28 MK O100
20001206X00612,Accident,CHI94LA074,1994-01-31,"ANDERSON, IN",United States,,,AID,ANDERSON MUNICIPAL,Non-Fatal,Substantial,,N907Z,Douglas,DC3C,No,2.0,Reciprocating,,NSCH,Unknown,Miami Valley Aviation,0.0,0.0,0.0,2.0,IMC,Takeoff,Probable Cause,07-12-1994,Douglas DC3C
20001206X00798,Accident,MIA94LA065B,1994-02-03,"ST. PETERSBURG, FL",United States,,,SPG,ALBERT WHITTED,Non-Fatal,Substantial,,N72074,Cessna,U-206,No,1.0,Reciprocating,,NSCH,Unknown,Red Barron Aviation,0.0,0.0,0.0,2.0,VMC,Standing,Probable Cause,18-11-1994,Cessna U-206
20001206X00815,Accident,SEA94LA058,1994-02-06,"BILLINGS, MT",United States,,,BIL,BILLINGS,Non-Fatal,Substantial,,N2718Y,Cessna,402C,No,2.0,Reciprocating,,SCHD,Unknown,Big Sky Transportation (dba: Big Sky Airlines),0.0,0.0,0.0,5.0,VMC,Landing,Probable Cause,26-01-1995,Cessna 402C
20001206X00816,Accident,SEA94LA059,1994-02-08,"HAVRE, MT",United States,,,HVR,HAVRE CITY-CO,Non-Fatal,Substantial,,N5520A,Cessna,T210N,No,1.0,Reciprocating,,NSCH,Unknown,Morrison Flying Service,0.0,0.0,0.0,1.0,VMC,Takeoff,Probable Cause,26-01-1995,Cessna T210N
20001206X00690,Accident,ANC94LA031,1994-02-08,"KWIGILLINGOK, AK",United States,,,AK85,KWIGILLINGOK,Non-Fatal,Substantial,,N6470H,Cessna,207,No,1.0,Reciprocating,,SCHD,Unknown,(dba: Yute Air Alaska),0.0,0.0,0.0,6.0,VMC,Approach,Probable Cause,12-01-1995,Cessna 207
20001206X00827,Incident,ANC94IA037,1994-03-04,"ANCHORAGE, AK",United States,,,ANC,ANCHORAGE INTERNATIONAL,Incident,Minor,,B-160,Boeing,747-200F,No,4.0,Turbo Fan,,NSCH,Unknown,China Airlines (dba: Cal),0.0,0.0,0.0,3.0,VMC,Takeoff,Probable Cause,25-01-1995,Boeing 747-200F
20001206X00897,Accident,FTW94LA092,1994-03-07,"HAYDEN, CO",United States,,,,,Non-Fatal,Substantial,,N5938K,Rockwell,690C,No,2.0,Turbo Prop,,NSCH,Unknown,Casper Air Service,0.0,0.0,0.0,1.0,VMC,Descent,Probable Cause,14-11-1994,Rockwell 690C
20001206X00934,Accident,LAX94LA163,1994-03-12,"PHOENIX, AZ",United States,,,PHX,PHOENIX SKY HARBOR INT.,Non-Fatal,Substantial,,N78CH,Rockwell,681,No,2.0,Turbo Prop,,NSCH,Unknown,American Corp Aviation,0.0,0.0,0.0,5.0,VMC,Approach,Probable Cause,18-11-1994,Rockwell 681
20001206X01011,Accident,SEA94LA089,1994-03-21,"GILLETTE, WY",United States,,,GCC,GILLETTE - CAMPBELL,Non-Fatal,Substantial,,N9415S,Beech,95-C55,No,2.0,Reciprocating,,NSCH,Unknown,Northern Co Air Charter,0.0,0.0,0.0,3.0,VMC,Landing,Probable Cause,02-12-1994,Beech 95-C55
20001206X01018,Accident,ANC94LA046,1994-04-08,"MANLEY HOT SPRG, AK",United States,,,,,Non-Fatal,Substantial,,N42DC,Helio,295,No,1.0,Reciprocating,,NSCH,Unknown,"Wright Air Service, Inc.",0.0,0.0,0.0,2.0,VMC,Cruise,Probable Cause,25-01-1995,Helio 295
20001206X01017,Accident,ANC94LA045,1994-04-09,"VALDEZ, AK",United States,,,,,Non-Fatal,Substantial,,N87594,Hiller,UH12E,No,1.0,Reciprocating,,NSCH,Unknown,"Iverson, Peter B. (dba: Pete's Aviation Services, Inc.)",0.0,0.0,0.0,2.0,VMC,Maneuvering,Probable Cause,25-01-1995,Hiller UH12E
20001206X01113,Accident,FTW94LA136,1994-04-21,"LAREDO, TX",United States,,,,,Non-Fatal,Substantial,,N44AC,Piper,PA-31-350,No,2.0,Reciprocating,,NSCH,Unknown,Aeropac,0.0,0.0,0.0,1.0,VMC,Approach,Probable Cause,07-12-1994,Piper PA-31-350
20001206X01093,Incident,FTW94IA139,1994-04-27,"CHEYENNE, WY",United States,,,,,Incident,Minor,,N141UE,Beech,1900C,No,2.0,Turbo Prop,,SCHD,Unknown,(dba: United Express),0.0,0.0,0.0,21.0,IMC,Cruise,Probable Cause,07-12-1994,Beech 1900C
20001206X01192,Accident,ANC94LA055,1994-05-07,"ALLAKAKET, AK",United States,,,AET,ALLAKAKET,Non-Fatal,Substantial,,N8908N,Piper,PA-32-300,No,1.0,Reciprocating,,NSCH,Unknown,Veazie Air,0.0,0.0,0.0,6.0,VMC,Landing,Probable Cause,25-01-1995,Piper PA-32-300
20001206X01276,Incident,FTW94IA154,1994-05-12,"TEXARKANA, AR",United States,,,TXK,TEXARKANA REGIONAL,Incident,Minor,,N254AE,Saab-scania Ab (saab),SF-34OB,No,2.0,Turbo Prop,,SCHD,Unknown,Wings West Airlines (dba: American Eagle),0.0,0.0,0.0,28.0,VMC,Takeoff,Probable Cause,25-01-1995,Saab-scania Ab (saab) SF-34OB
20001206X01418,Accident,ANC94LA067,1994-06-08,"KASSAN BAY, AK",United States,,,,,Non-Fatal,Substantial,,N4471R,Cessna,185,No,1.0,Reciprocating,,NSCH,Unknown,Taquan Air,0.0,0.0,0.0,2.0,VMC,Landing,Probable Cause,25-01-1995,Cessna 185
20001206X01522,Incident,FTW94IA198,1994-06-17,"CADDO, OK",United States,,,,,Incident,Minor,,N632AS,Aerospatiale,ATR-72-212,No,2.0,Turbo Prop,,SCHD,Unknown,(dba: Asa),0.0,0.0,0.0,37.0,VMC,Cruise,Probable Cause,14-02-1995,Aerospatiale ATR-72-212
20001206X01601,Accident,MIA94LA166,1994-06-24,"ORLANDO, FL",United States,,,MCO,ORLANDO INTERNATIONAL,Non-Fatal,Substantial,,N495UE,British Aerospace,BAE 3201,No,2.0,Turbo Prop,,SCHD,Unknown,Atlantic Coast Airlines (dba: United Express),0.0,0.0,0.0,16.0,VMC,Taxi,Probable Cause,12-01-1995,British Aerospace BAE 3201
20001206X01773,Accident,LAX94LA276,1994-07-05,"ELKO, NV",United States,,,EKO,ELKO MUNICIPAL,Non-Fatal,Substantial,,N310BD,Cessna,310J,No,2.0,Reciprocating,,NSCH,Unknown,"Copper State Air Service, Inc.",0.0,0.0,0.0,1.0,VMC,Landing,Probable Cause,05-04-1995,Cessna 310J
20001206X01640,Accident,ANC94LA079,1994-07-09,"NONDALTON, AK",United States,,,,,Non-Fatal,Substantial,,N2297R,De Havilland,DHC-2,No,1.0,Reciprocating,,NSCH,Unknown,"Mcbride, Michael S. (dba: Air Adventures , Inc.)",0.0,0.0,0.0,6.0,VMC,Takeoff,Probable Cause,25-01-1995,De Havilland DHC-2
20001206X01646,Accident,ANC94LA088,1994-07-18,"ANCHORAGE, AK",United States,,,,,Non-Fatal,Substantial,,N4685F,Cessna,206,No,1.0,Reciprocating,,NSCH,Unknown,(dba: Mountain Air Of Alaska),0.0,0.0,0.0,3.0,VMC,Cruise,Probable Cause,26-01-1995,Cessna 206
20001206X01635,Accident,ANC94FA089,1994-07-19,"JUNEAU, AK",United States,,,,,Non-Fatal,Substantial,,N39GT,Aerospatiale,AS-350,No,1.0,Turbo Shaft,,NSCH,Unknown,"Temsco Helicopters, Inc.",0.0,0.0,0.0,7.0,VMC,Standing,Probable Cause,09-05-1995,Aerospatiale AS-350
20001206X01794,Accident,LAX94LA302,1994-07-29,"POLACCA, AZ",United States,,,4PH,PALOCCA,Non-Fatal,Substantial,,N985RA,Cessna,421C,No,2.0,Reciprocating,,NSCH,Unknown,Randsburg Corp. (dba: Life Flight),0.0,0.0,0.0,5.0,VMC,Landing,Probable Cause,14-11-1994,Cessna 421C
20001206X01909,Accident,ANC94LA107,1994-08-12,"TOK, AK",United States,,,,,Non-Fatal,Substantial,,N4059H,Helio,H-700,No,1.0,Reciprocating,,NSCH,Unknown,"40 Mile Air, Ltd",0.0,0.0,0.0,4.0,VMC,Landing,Probable Cause,09-05-1995,Helio H-700
20001206X02144,Accident,SEA94LA214,1994-08-17,"HITE, UT",United States,,,,HITE,Non-Fatal,Substantial,,N2732K,Cessna,180K,No,1.0,Reciprocating,,NSCH,Unknown,Mountain Flying Service,0.0,0.0,0.0,5.0,VMC,Takeoff,Probable Cause,26-01-1995,Cessna 180K
20001206X01913,Accident,ANC94LA113,1994-08-18,"SKWENTA, AK",United States,,,,,Non-Fatal,Substantial,,N1785R,De Havilland,DHC-2,No,1.0,Reciprocating,,NSCH,Unknown,Willow Air Service (dba: Northern Alps Inc.),0.0,0.0,0.0,2.0,VMC,Taxi,Probable Cause,09-05-1995,De Havilland DHC-2
20001206X02148,Accident,SEA94LA218,1994-08-20,"HELENA, MT",United States,,,HLN,HELENA REGIONAL,Non-Fatal,Substantial,,N14MV,Beech,99,No,2.0,Turbo Prop,,NSCH,Unknown,Alpine Aviation,0.0,0.0,0.0,2.0,VMC,Taxi,Probable Cause,16-05-1995,Beech 99
20001206X02160,Accident,ANC94LA129,1994-09-02,"TOK, AK",United States,,,,NATAHONA CREEK,Non-Fatal,Substantial,,N8597D,Piper,PA-18,No,1.0,Reciprocating,,NSCH,Unknown,"40 Mile Air, Ltd.",0.0,0.0,0.0,2.0,VMC,Takeoff,Probable Cause,10-05-1995,Piper PA-18
20001206X02285,Accident,LAX94LA357,1994-09-08,"BURBANK, CA",United States,,,BUR,BURBANK,Non-Fatal,Substantial,,N403SW,Canadair,CL600,No,2.0,Turbo Fan,,SCHD,Unknown,Skywest Airlines (dba: Skywest Airlines Incorporated),0.0,0.0,0.0,36.0,VMC,Taxi,Probable Cause,27-03-1995,Canadair CL600
20001206X02167,Accident,ANC94LA137,1994-09-14,"PORT ALSWORTH, AK",United States,,,,,Non-Fatal,Substantial,,N3930Z,Piper,PA-18-150,No,1.0,Reciprocating,,NSCH,Unknown,4w Air,0.0,0.0,0.0,2.0,VMC,Takeoff,Probable Cause,10-05-1995,Piper PA-18-150
20001206X02171,Accident,ANC94LA142,1994-09-17,"WHITTIER, AK",United States,,,,CULROSS PASSAGE,Non-Fatal,Substantial,,N1433Z,De Havilland,DHC2,No,1.0,Reciprocating,,NSCH,Unknown,Rust's Flying Service,0.0,0.0,0.0,6.0,VMC,Landing,Probable Cause,09-05-1995,De Havilland DHC2
20001206X02242,Incident,FTW94IA321,1994-09-28,"ANCHORAGE, AK",United States,,,ANC,ANCHORAGE INTERNATIONAL,Incident,Minor,,N603FE,Mcdonnell Douglas,MD-11-F,No,3.0,Turbo Fan,,SCHD,Unknown,Federal Express,0.0,0.0,0.0,2.0,VMC,Approach,Probable Cause,04-05-1995,Mcdonnell Douglas MD-11-F
20001206X02658,Incident,SEA95IA021,1994-11-17,"MISSOULA, MT",United States,,,,,Incident,Minor,,N380PH,Fairchild,SA227,No,2.0,Turbo Prop,,SCHD,Unknown,Horizon Airlines,0.0,0.0,0.0,4.0,UNK,Cruise,Probable Cause,31-07-1995,Fairchild SA227
20001206X02715,Incident,FTW95IA064,1994-12-12,"DFW AIRPORT, TX",United States,,,DFW,DALLAS/FORT WORTH AIRPORT,Incident,Minor,,N633AS,Aerospatiale,ATR-72-212,No,2.0,Turbo Prop,,SCHD,Unknown,Atlantic Southeast Airlines (dba: Asa),0.0,0.0,0.0,38.0,VMC,Taxi,Probable Cause,04-05-1995,Aerospatiale ATR-72-212
20001206X02771,Accident,MIA95LA040A,1994-12-15,"MEMPHIS, TN",United States,,,MEM,MEMPHIS INTERNATIONAL,Non-Fatal,Substantial,,N927FE,Cessna,208B,No,1.0,Turbo Prop,,NSCH,Unknown,Baron Aviation Services,0.0,0.0,0.0,3.0,VMC,Taxi,Probable Cause,09-05-1995,Cessna 208B
20001206X02733,Accident,FTW95LA088,1994-12-15,"FARMINGTON, NM",United States,,,FMN,FOUR CORNERS REGIONAL,Non-Fatal,Substantial,,N39ZV,Beech,1900D,No,2.0,Turbo Prop,,SCHD,Unknown,(dba: United Express),0.0,0.0,0.0,15.0,VMC,Takeoff,Probable Cause,18-05-1995,Beech 1900D
20001206X02688,Incident,BFO95IA023,1994-12-25,"NEW YORK, NY",United States,,,JFK,JOHN F. KENNEDY INTL,Incident,Minor,,N427FB,Douglas,DC-8-54F,No,4.0,Turbo Jet,,SCHD,Unknown,"Fine Airlines, Inc.",0.0,0.0,0.0,5.0,VMC,Takeoff,Probable Cause,31-08-1995,Douglas DC-8-54F
20001206X02759,Accident,LAX95LA066,1994-12-30,"FORT HUACHUCA, AZ",United States,,,FHU,FORT HUACHUCA,Non-Fatal,Substantial,,N91090,Cessna,207,No,1.0,Reciprocating,,NSCH,Unknown,"Courier Services, Inc. (dba: Air Csi)",0.0,0.0,0.0,1.0,VMC,Landing,Probable Cause,16-10-1995,Cessna 207
20001207X02832,Incident,CHI95IA066,1995-01-12,"WILLISTON, ND",United States,,,ISN,SLOULIN FIELD INT'L APT,Incident,Minor,,N118UX,Beech,1900D,No,2.0,Turbo Prop,,SCHD,Unknown,(dba: United Express),0.0,0.0,0.0,6.0,VMC,Descent,Probable Cause,31-08-1995,Beech 1900D
20001207X02815,Incident,ATL95IA043,1995-01-19,"ATLANTA, GA",United States,,,ATL,HARTSFIELD ATLANTA INTL.,Incident,Minor,,N4515W,Boeing,737-247,No,2.0,Turbo Jet,,SCHD,Unknown,"Air South, Inc.",0.0,0.0,0.0,28.0,IMC,Landing,Probable Cause,13-10-1995,Boeing 737-247
20001207X02811,Accident,ANC95LA029,1995-01-20,"AKIAK, AK",United States,,,AKI,AKIAK,Non-Fatal,Substantial,,N4480X,Piper,PA-32-300,No,1.0,Reciprocating,,SCHD,Unknown,Village Aviation Inc. (dba: Camai Air),0.0,0.0,0.0,7.0,VMC,Takeoff,Probable Cause,24-09-1995,Piper PA-32-300
20001207X03042,Accident,SEA95LA050,1995-02-10,"WOLF POINT, MT",United States,,,,,Non-Fatal,Substantial,,N8828M,Beech,S-35,No,1.0,Reciprocating,,NSCH,Unknown,(dba: Richland Aviation),0.0,0.0,0.0,1.0,VMC,Cruise,Probable Cause,24-09-1995,Beech S-35
20001207X02938,Accident,CHI95LA086,1995-02-15,"MINNEAPOLIS, MN",United States,,,MSP,MINNEAPOLIS/ST. PAUL INT.,Non-Fatal,Substantial,,N62711,Piper,PA-23-250,No,2.0,Reciprocating,,NSCH,Unknown,Ab Flight Services,0.0,0.0,0.0,2.0,IMC,Cruise,Probable Cause,23-08-1995,Piper PA-23-250
20001207X03088,Accident,CHI95LA094,1995-03-05,"MINNEAPOLIS, MN",United States,,,MSP,MINNEAPOLIS/ST. PAUL INTL,Non-Fatal,Substantial,,N130UE,Beech,1900,No,2.0,Turbo Prop,,SCHD,Unknown,"Great Lakes Aviation, Inc. (dba: United Express)",0.0,0.0,0.0,18.0,VMC,Taxi,Probable Cause,24-09-1995,Beech 1900
20001207X03138,Incident,LAX95IA142,1995-03-17,"LOS ANGELES, CA",United States,,,LAX,LOS ANGELES INTERNATIONAL,Incident,Minor,,N1568W,Beech,1900C,No,2.0,Turbo Prop,,SCHD,Unknown,Alpha Aviation (dba: Tw Express),0.0,0.0,0.0,19.0,VMC,Approach,Probable Cause,19-04-1996,Beech 1900C
20001207X03056,Accident,ANC95LA039,1995-03-26,"DEADHORSE, AK",United States,,,SCC,DEADHORSE,Non-Fatal,Substantial,,N4059H,Helio,H700,No,1.0,Reciprocating,,NSCH,Unknown,Forty (40) Mile Air Ltd.,0.0,0.0,0.0,4.0,VMC,Takeoff,Probable Cause,24-09-1995,Helio H700
20001207X03057,Accident,ANC95LA040,1995-03-29,"CHEVAK, AK",United States,,,VAK,CHEVAK,Non-Fatal,Substantial,,N756TA,Cessna,206G,No,1.0,Reciprocating,,NSCH,Unknown,Arctic Circle Air,0.0,0.0,0.0,1.0,VMC,Landing,Probable Cause,24-09-1995,Cessna 206G
20001207X03380,Accident,SEA95LA076B,1995-04-07,"BOISE, ID",United States,,,BOI,BOISE AIR TERMINAL,Non-Fatal,Minor,,N3408Q,Piper,PA-34-200T,No,2.0,Reciprocating,,NSCH,Unknown,"Pocatello Air Center, Inc. (dba: Regional Express)",0.0,0.0,0.0,2.0,VMC,Taxi,Probable Cause,15-07-1996,Piper PA-34-200T
20001207X03380,Accident,SEA95LA076A,1995-04-07,"BOISE, ID",United States,,,BOI,BOISE AIR TERMINAL,Non-Fatal,Substantial,,N25BH,Cessna,402B,No,2.0,Reciprocating,,NSCH,Unknown,"Flight Line, Inc. (dba: American Check Transport)",0.0,0.0,0.0,2.0,VMC,Taxi,Probable Cause,15-07-1996,Cessna 402B
20001207X03377,Incident,SEA95IA082,1995-04-16,"PASCO, WA",United States,,,,,Incident,Minor,,N385PH,Fairchild,SA-227,No,2.0,Turbo Prop,,SCHD,Unknown,Horizon Airlines,0.0,0.0,0.0,7.0,VMC,Climb,Probable Cause,29-01-1996,Fairchild SA-227
20001207X03528,Accident,NYC95LA099,1995-05-03,"SEA BRIGHT, NJ",United States,,,,,Non-Fatal,Substantial,,N900PH,Eurocopter,AS350D,No,1.0,Turbo Shaft,,NSCH,Unknown,Liberty Helicopter,0.0,0.0,0.0,2.0,VMC,Cruise,Probable Cause,21-03-1996,Eurocopter AS350D
20001207X03394,Accident,ANC95LA050,1995-05-08,"DILLINGHAM, AK",United States,,,DLG,DILLINGHAM,Non-Fatal,Substantial,,N3588Z,Piper,PA-31-350,No,2.0,Reciprocating,,NSCH,Unknown,(dba: Penair),0.0,0.0,0.0,6.0,VMC,Takeoff,Probable Cause,19-01-1996,Piper PA-31-350
20001207X03399,Accident,ANC95LA058,1995-05-25,"BETHEL, AK",United States,,,,,Non-Fatal,Substantial,,N19BR,Cessna,206,No,1.0,Reciprocating,,NSCH,Unknown,Arctic Circle Air Service Inc.,0.0,0.0,0.0,1.0,VMC,Cruise,Probable Cause,08-02-1996,Cessna 206
20001207X03590,Accident,ANC95LA081,1995-06-24,"GUSTAVUS, AK",United States,,,GST,GUSTAVUS,Non-Fatal,Substantial,,N84468,Cessna,172,No,1.0,Reciprocating,,NSCH,Unknown,(dba: Air Excursions),0.0,0.0,0.0,3.0,VMC,Landing,Probable Cause,29-01-1996,Cessna 172
20001207X03935,Incident,FTW95IA271,1995-07-05,"TEMPLE, TX",United States,,,TPL,DRAUGHOM-MILLER MUNICIPAL,Incident,Minor,,N112AE,Saab-scania Ab (saab),SF340A,No,2.0,Turbo Prop,,SCHD,Unknown,Simmons Airlines (dba: American Eagle),0.0,0.0,0.0,6.0,VMC,Takeoff,Probable Cause,03-09-1996,Saab-scania Ab (saab) SF340A
20001207X04057,Accident,NYC95LA153,1995-07-11,"COLUMBUS, OH",United States,,,CMH,PORT COLUMBUS,Non-Fatal,Destroyed,,N1723E,Cessna,310R,No,2.0,Reciprocating,,NSCH,Unknown,(dba: Lindsay Air),0.0,0.0,0.0,1.0,VMC,Takeoff,Probable Cause,19-01-1996,Cessna 310R
20001207X04003,Accident,LAX95LA255,1995-07-17,"LOS ANGELES, CA",United States,,,LAX,LOS ANGELES INTERNATIONAL,Non-Fatal,Substantial,,N268UE,Embraer,EMB-120 RT,No,2.0,Turbo Prop,,SCHD,Unknown,West Air Commuter Airlines Inc (dba: United Express),0.0,0.0,0.0,6.0,VMC,Taxi,Probable Cause,30-11-1995,Embraer EMB-120 RT
20001207X03851,Accident,ANC95LA122,1995-07-31,"KODIAK, AK",United States,,,ADQ,KODIAK,Non-Fatal,Substantial,,N17481,Grumman,G-44,No,2.0,Reciprocating,,NSCH,Unknown,(dba: Penair),0.0,0.0,0.0,2.0,VMC,Takeoff,Probable Cause,18-04-1996,Grumman G-44
20001207X04122,Accident,ANC95LA126,1995-08-02,"SKWENTNA, AK",United States,,,,,Non-Fatal,Substantial,,N4596U,Cessna,206G,No,1.0,Reciprocating,,NSCH,Unknown,Rust's Flying Service,0.0,0.0,0.0,4.0,VMC,Takeoff,Probable Cause,14-02-1996,Cessna 206G
20001207X04369,Accident,SEA95FA170,1995-08-03,"PORTLAND, OR",United States,,,PDX,PORTLAND INTERNATIONAL,Non-Fatal,Substantial,,N335PH,Dornier,DO 328-100,No,2.0,Turbo Prop,,SCHD,Unknown,Horizon Air,0.0,0.0,0.0,18.0,VMC,Landing,Probable Cause,14-07-1997,Dornier DO 328-100
20001207X04356,Accident,NYC95LA197,1995-08-17,"PHILADELPHIA, PA",United States,,,PHL,PHILADELPHIA INTL,Non-Fatal,Substantial,,N742BA,Saab-scania Ab (saab),SF-340-A,No,2.0,Turbo Prop,,SCHD,Unknown,Business Express Airlines,0.0,0.0,0.0,31.0,VMC,Standing,Probable Cause,01-04-1996,Saab-scania Ab (saab) SF-340-A
20001207X04181,Incident,CHI95IA286,1995-08-18,"CHAMPAIGN, IL",United States,,,,,Incident,Minor,,N425AM,British Aerospace,BAE JETSTREAM 3201,No,2.0,Turbo Prop,,SCHD,Unknown,Trans State Airlines (dba: Tw Express),0.0,0.0,0.0,18.0,VMC,Approach,Probable Cause,04-10-1996,British Aerospace BAE JETSTREAM 3201
20001207X04443,Incident,CHI95IA313,1995-09-06,"CHICAGO, IL",United States,,,,,Incident,Minor,,N414WF,Aerospatiale,ATR-72,No,2.0,Turbo Prop,,SCHD,Unknown,Simmons Airlines,0.0,0.0,0.0,18.0,VMC,Climb,Probable Cause,04-10-1996,Aerospatiale ATR-72
20001207X04404,Accident,ANC95LA161,1995-09-08,"ANIAK, AK",United States,,,,,Non-Fatal,Substantial,,N61043,Maule,M-7,No,1.0,Reciprocating,,NSCH,Unknown,(dba: Aniak Air Guides),0.0,0.0,0.0,3.0,VMC,Takeoff,Probable Cause,18-04-1996,Maule M-7
20001207X04412,Accident,ANC95LA172,1995-09-20,"ANIAK, AK",United States,,,,,Non-Fatal,Substantial,,N56564,Maule,M-7-235,No,1.0,Reciprocating,,NSCH,Unknown,(dba: Aniak Air Guides),0.0,0.0,0.0,3.0,VMC,Takeoff,Probable Cause,29-04-1996,Maule M-7-235
20001207X04613,Accident,SEA95LA226,1995-09-25,"RIVERTON, WY",United States,,,RIW,RIVERTON REGIONAL,Non-Fatal,Substantial,,N10DF,Cessna,340,No,2.0,Reciprocating,,NSCH,Unknown,"American Check Transport, Inc. (dba: Flight Line, Inc.)",0.0,0.0,0.0,2.0,VMC,Taxi,Probable Cause,29-04-1996,Cessna 340
20001207X05029,Accident,LAX96LA070,1995-12-12,"SACRAMENTO, CA",United States,,,SMF,SACRAMENTO METRO,Non-Fatal,Substantial,,N987FE,Cessna,208B,No,1.0,Turbo Prop,,NSCH,Unknown,West Air Industries (dba: Federal Express),0.0,0.0,0.0,1.0,VMC,Taxi,Probable Cause,06-06-1996,Cessna 208B
20001208X05200,Accident,SEA96LA038,1996-01-04,"MILES CITY, MT",United States,,,MLS,FRANK WILEY FIELD,Non-Fatal,Substantial,,N924WS,Beech,B100,No,2.0,Turbo Prop,,NSCH,Unknown,(dba: Timberline),0.0,0.0,0.0,5.0,IMC,Landing,Probable Cause,06-06-1996,Beech B100
20001208X05144,Accident,FTW96LA103,1996-01-22,"BELLE CHASE, LA",United States,,,65LA,SOUTHERN SEAPLANE,Non-Fatal,Substantial,,N6034N,Cessna,A185F,No,1.0,Reciprocating,,NSCH,Unknown,(dba: Southern Seaplane Inc.),0.0,0.0,0.0,3.0,VMC,Takeoff,Probable Cause,17-05-1996,Cessna A185F
20001208X05252,Accident,FTW96LA123,1996-02-21,"DALLAS, TX",United States,,,RBD,REDBIRD,Non-Fatal,Substantial,,N4825J,Beech,95-C55,No,2.0,Reciprocating,,NSCH,Unknown,Executive Flight,0.0,0.0,0.0,2.0,VMC,Approach,Probable Cause,04-10-1996,Beech 95-C55
20001208X05294,Incident,MIA96IA084,1996-02-22,"MIAMI, FL",United States,,,MIA,MIAMI INTERNATIONAL,Incident,Minor,,N751MA,Boeing,707-323C,No,4.0,Turbo Fan,,NSCH,Unknown,Millon Air,0.0,0.0,0.0,4.0,VMC,Cruise,Probable Cause,01-02-1997,Boeing 707-323C
20001208X05343,Accident,ANC96LA033,1996-03-13,"CRIPPLE, AK",United States,,,,,Non-Fatal,Substantial,Airplane,N93829,Cessna,185,No,1.0,Reciprocating,Part 135: Air Taxi & Commuter,NSCH,Unknown,Hageland Aviation,0.0,0.0,0.0,1.0,VMC,Landing,Probable Cause,13-10-2010,Cessna 185
20001208X05386,Accident,CHI96LA118A,1996-03-20,"MARSHFIELD, WI",United States,,,MFI,MARSHFIELD MINICIPAL,Non-Fatal,Substantial,,N1835E,Cessna,310R,No,2.0,Reciprocating,,NSCH,Unknown,"(dba: Heartland Aviation, Inc)",0.0,0.0,0.0,6.0,VMC,Landing,Probable Cause,09-09-1996,Cessna 310R
20001208X05462,Accident,MIA96LA107,1996-03-27,"MEMPHIS, TN",United States,,,MEM,MEMPHIS INTERNATIONAL,Non-Fatal,Substantial,,N468FE,Boeing,727-225,No,3.0,Turbo Fan,,NSCH,Unknown,(dba: Fedex),0.0,0.0,0.0,3.0,VMC,Taxi,Probable Cause,28-07-1997,Boeing 727-225
20001208X05449,Incident,MIA96IA109,1996-03-28,"JACKSONVILLE, FL",United States,,,JAX,JACKSONVILLE INTL,Incident,Minor,,N29YV,Beech,1900D,No,2.0,Turbo Prop,,SCHD,Unknown,(dba: Florida Gulf Airlines),0.0,0.0,0.0,2.0,VMC,Takeoff,Probable Cause,24-09-1996,Beech 1900D
20001208X05480,Incident,SEA96IA074,1996-03-31,"EUGENE, OR",United States,,,,,Incident,Minor,,N334PH,Dornier,DO 328-100,No,2.0,Turbo Prop,,SCHD,Unknown,Horizon Air,0.0,0.0,0.0,27.0,VMC,Climb,Probable Cause,28-02-1997,Dornier DO 328-100
20001208X05511,Accident,ATL96LA073,1996-04-01,"RALEIGH, NC",United States,,,RDU,RALEIGH-DURHAM,Non-Fatal,Substantial,,N999TF,Canadair,CL-600S,No,2.0,Turbo Fan,,NSCH,Unknown,Pal-waukee Aviation (dba: Priester Aviation),0.0,0.0,0.0,9.0,IMC,Approach,Probable Cause,29-08-1997,Canadair CL-600S
20001208X05524,Incident,CHI96IA125,1996-04-03,"TRAVERSE CITY, MI",United States,,,TVC,CHERRY CAPITAL,Incident,Minor,,N421MQ,Atr,42,No,2.0,Turbo Prop,,SCHD,Unknown,(dba: Simmons Airlines),0.0,0.0,0.0,36.0,VMC,Landing,Probable Cause,15-12-1997,Atr 42
20001208X05610,Accident,LAX96LA165,1996-04-11,"PARADISE, CA",United States,,,Q88,PARADISE SKYPARK,Non-Fatal,Substantial,,N9820Y,Cessna,T210N,No,1.0,Reciprocating,,NSCH,Unknown,Northern Air,0.0,0.0,0.0,4.0,VMC,Landing,Probable Cause,20-08-1996,Cessna T210N
20001208X05591,Accident,IAD96LA066,1996-04-23,"WASHINGTON, DC",United States,,,IAD,WASHINGTON DULLES INTL,Non-Fatal,Substantial,,N776FE,Cessna,208,No,1.0,Turbo Prop,,NSCH,Unknown,Mountain Air Cargo Inc.,0.0,0.0,0.0,1.0,VMC,Taxi,Probable Cause,31-03-1998,Cessna 208
20001208X05744,Accident,FTW96FA198,1996-05-02,"DENVER, CO",United States,,,DEN,DENVER INTERNATIONAL,Non-Fatal,Substantial,,N154ZV,Beech,1900D,No,2.0,Turbo Prop,,SCHD,Unknown,"Mesa Airlines, Inc. (dba: United Express)",0.0,0.0,0.0,11.0,VMC,Landing,Probable Cause,14-10-1997,Beech 1900D
20001208X05723,Accident,CHI96LA162,1996-05-17,"FARGO, ND",United States,,,KFAR,HECTOR INTERNATIONAL,Non-Fatal,Substantial,,N229AM,Swearingen,SA226TC,No,2.0,Turbo Prop,,NSCH,Unknown,"Airvantage, Inc. (dba: Airvantage)",0.0,0.0,0.0,2.0,VMC,Landing,Probable Cause,14-10-1997,Swearingen SA226TC
20001208X05804,Incident,LAX96IA199,1996-05-19,"LOS ANGELES, CA",United States,,,,,Incident,Minor,,N470EV,Boeing,747-273C,No,4.0,Turbo Fan,,SCHD,Unknown,"(dba: Evergreen Int'l Airlines, Inc.)",0.0,0.0,0.0,3.0,VMC,Climb,Probable Cause,31-03-1998,Boeing 747-273C
20001208X05710,Incident,CHI96IA170,1996-05-23,"INDIANAPOLIS, IN",United States,,,IND,INDIANAPOLIS INTL,Incident,Minor,,N148SK,Beech,1900D,No,2.0,Turbo Prop,,SCHD,Unknown,Astral Aviation (dba: Skyway Airlines),0.0,0.0,0.0,20.0,VMC,Climb,Probable Cause,01-02-1997,Beech 1900D
20001208X05914,Incident,CHI96IA191,1996-06-06,"LANSING, MI",United States,,,,,Incident,Minor,,N81538,Beech,1900,No,2.0,Turbo Prop,,SCHD,Unknown,(dba: Air Carrier),0.0,0.0,0.0,18.0,IMC,Descent,Probable Cause,31-03-1998,Beech 1900
20001208X06057,Accident,MIA96FA162,1996-06-23,"ORLANDO, FL",United States,,,MCO,ORLANDO INTERNATIONAL,Non-Fatal,Substantial,,N168CA,Embraer,120,No,2.0,Turbo Prop,,SCHD,Unknown,(dba: Comair),0.0,0.0,0.0,32.0,VMC,Descent,Probable Cause,03-04-1997,Embraer 120
20001208X05913,Accident,CHI96FA216,1996-06-25,"GRAND FORKS, ND",United States,,,,,Non-Fatal,Substantial,,N2692P,Fairchild,SA227AC,No,2.0,Turbo Prop,,SCHD,Unknown,Mesaba Airlines (dba: Northwest Airlink),0.0,0.0,0.0,19.0,VMC,Climb,Probable Cause,31-03-1998,Fairchild SA227AC
20001208X06050,Accident,LAX96LA252,1996-06-29,"GRAND CANYON, AZ",United States,,,GCN,GRAND CANYON NATL PARK,Non-Fatal,Substantial,,N13GM,Cessna,402A,No,2.0,Reciprocating,,NSCH,Unknown,"Avi, Inc. (dba: Air Vegas, Inc.)",0.0,0.0,0.0,10.0,VMC,Approach,Probable Cause,16-12-1996,Cessna 402A
20001208X06205,Accident,FTW96FA282,1996-07-01,"DFW AIRPORT, TX",United States,,,DFW,DFW INTERNATIONAL AIRPORT,Non-Fatal,Substantial,,N335AE,Saab-scania Ab (saab),SF340B,No,2.0,Turbo Prop,,SCHD,Unknown,"Wings West Airlines, Inc. (dba: American Eagle)",0.0,0.0,0.0,15.0,VMC,Takeoff,Probable Cause,31-03-1998,Saab-scania Ab (saab) SF340B
20001208X06135,Accident,ANC96LA096,1996-07-06,"FAIRBANKS, AK",United States,,,,VAN CURLER'S BAR,Non-Fatal,Substantial,,N700WA,Beech,18,No,2.0,Turbo Prop,,NSCH,Unknown,Fs Air Service,0.0,0.0,0.0,5.0,VMC,Landing,Probable Cause,23-05-1997,Beech 18
20001208X06618,Accident,SEA96LA177,1996-08-05,"CRANE ISLAND, WA",United States,,,,CRANE ISLAND (PRIVATE),Non-Fatal,Substantial,,N8313Q,Cessna,U206F,No,1.0,Reciprocating,,NSCH,Unknown,West Isle Air,0.0,0.0,0.0,2.0,VMC,Landing,Probable Cause,23-05-1997,Cessna U206F
20001208X06629,Accident,SEA96LA193,1996-08-15,"CODY, WY",United States,,,,SWITCHBACK RANCH,Non-Fatal,Substantial,,N185K,Cessna,A185E,No,1.0,Reciprocating,,NSCH,Unknown,Spirit Mountain Aviation Lc,0.0,0.0,0.0,3.0,VMC,Takeoff,Probable Cause,28-02-1997,Cessna A185E
20001208X06651,Accident,ANC96LA135,1996-09-02,"PORT ALSWORTH, AK",United States,,,,,Non-Fatal,Substantial,,N733KD,Cessna,206,No,1.0,Reciprocating,,NSCH,Unknown,Lake Clark Air (dba: The Farm),0.0,0.0,0.0,2.0,VMC,Climb,Probable Cause,15-12-1997,Cessna 206
20001208X06750,Accident,IAD96FA147,1996-09-16,"FINDLAY TWNSHP, PA",United States,,,,,Non-Fatal,Destroyed,,N10DA,Short Brothers,SC7,No,2.0,Turbo Prop,,NSCH,Unknown,"North Star Air Cargo, Inc",0.0,0.0,0.0,1.0,VMC,Approach,Probable Cause,31-03-1998,Short Brothers SC7
20001208X06670,Accident,ANC96LA164,1996-09-24,"ANIAK, AK",United States,,,,,Non-Fatal,Substantial,,N5343G,De Havilland,DHC-2,No,1.0,Reciprocating,,NSCH,Unknown,Aniak Air Guides,0.0,0.0,0.0,3.0,VMC,Takeoff,Probable Cause,02-02-1998,De Havilland DHC-2
20001208X06881,Accident,FTW97LA016,1996-10-14,"VENICE, LA",United States,,,NONE,SHELL HELIPORT,Non-Fatal,Substantial,,N21497,Bell,206L-3,No,1.0,Turbo Shaft,,NSCH,Unknown,"Petroleum Helicopters, Inc",0.0,0.0,0.0,4.0,VMC,Takeoff,Probable Cause,23-05-1997,Bell 206L-3
20001208X06928,Accident,LAX97LA019,1996-10-15,"PHOENIX, AZ",United States,,,PHX,PHOENIX SKY HARBOR,Non-Fatal,Substantial,,N15VZ,Aero Commander,690,No,2.0,Turbo Prop,,NSCH,Unknown,Sun West Aviation,0.0,0.0,0.0,4.0,VMC,Cruise,Probable Cause,18-12-1998,Aero Commander 690
20001208X07117,Accident,SEA97LA028,1996-11-07,"BRUNEAU, ID",United States,,,,DIRT ROAD (OFF AIRPORT),Non-Fatal,Substantial,,N32518,Piper,PA-28-151,No,1.0,Reciprocating,,NSCH,Unknown,Rocky Mountain Air,0.0,0.0,0.0,3.0,VMC,Takeoff,Probable Cause,30-05-1997,Piper PA-28-151
20001208X07069,Accident,LAX97LA039,1996-11-12,"HANA, HI",United States,,,,,Non-Fatal,Substantial,,N8625F,Mcdonnell Douglas,369D,No,1.0,Turbo Shaft,,NSCH,Unknown,Alika Aviation (dba: Alexair),0.0,0.0,0.0,5.0,VMC,Cruise,Probable Cause,15-12-1997,Mcdonnell Douglas 369D
20001208X07001,Incident,CHI97IA029,1996-11-17,"HOPKENSVILLE, KY",United States,,,,,Incident,Minor,,N841SK,Beech,1900D,No,2.0,Turbo Prop,,SCHD,Unknown,Skyway Airlines,0.0,0.0,0.0,16.0,IMC,Cruise,Probable Cause,31-03-1998,Beech 1900D
20001208X07123,Accident,ANC97LA010,1996-12-04,"BETHEL, AK",United States,,,BET,BETHEL,Non-Fatal,Substantial,,N20024,Cessna,172M,No,1.0,Reciprocating,,NSCH,Unknown,(dba: Camai Air),0.0,0.0,0.0,3.0,VMC,Takeoff,Probable Cause,31-03-1998,Cessna 172M
20001208X07185,Accident,LAX97FA069,1996-12-15,"HONOLULU, HI",United States,,,HNL,HONOLULU INTERNATIONAL,Non-Fatal,Substantial,,N801WP,De Havilland,DHC-8,No,2.0,Turbo Prop,,SCHD,Unknown,Aloha Islandair Inc. (dba: Island Air),0.0,0.0,0.0,13.0,VMC,Approach,Probable Cause,31-03-1998,De Havilland DHC-8
20001208X07207,Incident,MIA97IA050,1996-12-30,"ORLANDO, FL",United States,,,MCO,ORLANDO INTERNATIONAL,Incident,Minor,,N804AX,Douglas,DC8-62,No,4.0,Turbo Fan,,SCHD,Unknown,(dba: Airborne Express),0.0,0.0,0.0,5.0,VMC,Takeoff,Probable Cause,31-03-1998,Douglas DC8-62
20001208X07265,Accident,CHI97LA049,1997-01-01,"KANSAS CITY, MO",United States,,,MKC,KANSAS CITY DOWNTOWN,Non-Fatal,Substantial,,N8040A,Gates Learjet,LR35,No,2.0,Turbo Fan,,NSCH,Unknown,(dba: Us Check),0.0,0.0,0.0,2.0,IMC,Landing,Probable Cause,25-08-1997,Gates Learjet LR35
20001208X07358,Incident,SEA97IA051,1997-01-21,"SEATTLE, WA",United States,,,SEA,SEATTLE-TACOMA INT'L,Incident,Minor,,N75ZV,Beech,1900D,No,2.0,Turbo Prop,,SCHD,Unknown,Mesa Airlines (dba: United Express),0.0,0.0,0.0,7.0,VMC,Approach,Probable Cause,26-06-1997,Beech 1900D
20001208X07304,Incident,IAD97IA045,1997-01-25,"PROVINCETOWN, MA",United States,,,PVC,PROVINCETOWN MUNI,Incident,Minor,,N121PB,Cessna,402C,No,2.0,Reciprocating,,SCHD,Unknown,Hyannis Air Service (dba: Cape Air),0.0,0.0,0.0,5.0,IMC,Landing,Probable Cause,04-09-1998,Cessna 402C
20001208X07342,Accident,MIA97LA076,1997-01-27,"TAMPA, FL",United States,,,TPA,TAMPA INTERNATIONAL,Non-Fatal,Substantial,,N72074,Cessna,U206D,No,1.0,Reciprocating,,NSCH,Unknown,"Red Baron Aviation, Inc.",0.0,0.0,0.0,2.0,VMC,Takeoff,Probable Cause,02-02-1998,Cessna U206D
20001208X07452,Accident,NYC97LA054,1997-02-14,"COVINGTON, KY",United States,,,KCVG,CINCINNATI INTL ARPT,Non-Fatal,Substantial,,N922FE,Cessna,208B,No,1.0,Turbo Prop,,NSCH,Unknown,Baron Aviation Service,0.0,0.0,0.0,1.0,IMC,Approach,Probable Cause,01-12-1999,Cessna 208B
20001208X07369,Accident,ANC97LA027,1997-02-22,"CHEVAK, AK",United States,,,VAK,CHEVAK,Non-Fatal,Substantial,,N7389U,Cessna,207,No,1.0,Reciprocating,,NSCH,Unknown,(dba: Camai Air),0.0,0.0,0.0,1.0,IMC,Approach,Probable Cause,21-05-1998,Cessna 207
20001208X07372,Accident,ANC97LA030,1997-02-26,"DILLINGHAM, AK",United States,,,,SHANNON'S POND,Non-Fatal,Substantial,,N32979,Piper,PA-32-300,No,1.0,Reciprocating,,NSCH,Unknown,(dba: Shannon's Air Taxi),0.0,0.0,0.0,7.0,IMC,Takeoff,Probable Cause,21-05-1998,Piper PA-32-300
20001208X07523,Incident,FTW97IA119,1997-03-10,"DFW AIRPORT, TX",United States,,,DFW,DFW INTERNATIONAL,Incident,Minor,,N909PG,Boeing,727-2K5,No,3.0,Turbo Fan,,NSCH,Unknown,Aeromexpress,0.0,0.0,0.0,4.0,VMC,Takeoff,Probable Cause,24-04-1998,Boeing 727-2K5
20001208X07547,Accident,FTW97LA142,1997-03-21,"DURANGO, CO",United States,,,,,Non-Fatal,Substantial,,N613CW,Cessna,T210L,No,1.0,Reciprocating,,NSCH,Unknown,(dba: New Mexico Flying Service),0.0,0.0,0.0,1.0,VMC,Descent,Probable Cause,15-12-1997,Cessna T210L
20001208X07499,Incident,CHI97IA096,1997-03-22,"MANAUS, Brazil",Brazil,,,SBEG,EDUARDO GOMEZ AIRPORT,Incident,Minor,,N707CK,Boeing,747-269B,No,4.0,Turbo Fan,,NSCH,Unknown,(dba: Aia),0.0,0.0,0.0,7.0,VMC,Landing,Probable Cause,15-04-1999,Boeing 747-269B
20001208X07632,Accident,SEA97LA077,1997-03-26,"WENATCHEE, WA",United States,,,EAT,PANGBORN MEMORIAL,Non-Fatal,Substantial,,N826PH,De Havilland,DHC-8,No,2.0,Turbo Prop,,SCHD,Unknown,"Horizon Airlines, Inc.",0.0,0.0,0.0,12.0,VMC,Taxi,Probable Cause,29-05-1998,De Havilland DHC-8
20001208X07825,Accident,SEA97LA085,1997-04-06,"PORTLAND, OR",United States,,,KPDX,PORTLAND INTERNATIONAL,Non-Fatal,Substantial,,N75ZV,Beech,1900D,No,2.0,Turbo Prop,,SCHD,Unknown,(dba: United Express),0.0,0.0,0.0,14.0,VMC,Takeoff,Probable Cause,10-04-1998,Beech 1900D
20001208X07780,Accident,MIA97LA125,1997-04-09,"MEMPHIS, TN",United States,,,,,Non-Fatal,Substantial,,N310FE,Mcdonnell Douglas,DC10-30F,No,3.0,Turbo Fan,,NSCH,Unknown,Federal Express Corporation (dba: Fedex),0.0,0.0,0.0,6.0,VMC,Unknown,Probable Cause,28-02-2000,Mcdonnell Douglas DC10-30F
20001208X07768,Incident,MIA97IA147,1997-04-19,"MIAMI, FL",United States,,,,,Incident,Minor,,N639FE,Boeing,747-2R7F,No,4.0,Turbo Fan,,SCHD,Unknown,Atlas Air,0.0,0.0,0.0,3.0,VMC,Cruise,Probable Cause,30-09-1997,Boeing 747-2R7F
20001208X07950,Accident,LAX97LA181,1997-05-12,"BURBANK, CA",United States,,,,,Non-Fatal,Substantial,,N3609Q,Piper,PA-32R-300,No,1.0,Reciprocating,,NSCH,Unknown,Martijn Bakker,0.0,0.0,0.0,1.0,IMC,Climb,Probable Cause,04-05-1998,Piper PA-32R-300
20001208X07943,Accident,LAX97FA189,1997-05-21,"SAN DIEGO, CA",United States,,,NKX,MIRAMAR NAS,Non-Fatal,Substantial,,N198SW,Embraer,EMB-120,No,2.0,Turbo Prop,,SCHD,Unknown,(dba: Skywest Airlines),0.0,0.0,0.0,17.0,VMC,Takeoff,Probable Cause,17-07-2001,Embraer EMB-120
20001208X07928,Accident,FTW97LA206,1997-05-27,"GREELEY, CO",United States,,,,,Non-Fatal,Substantial,,N491SC,Piper,PA-31-350,No,2.0,Reciprocating,,NSCH,Unknown,(dba: Sundance Air),0.0,0.0,0.0,1.0,VMC,Cruise,Probable Cause,30-09-1997,Piper PA-31-350
20001208X08119,Accident,FTW97LA217,1997-06-12,"WESTON, CO",United States,,,,,Non-Fatal,Substantial,,N207DS,Bell,206L-3,No,1.0,Turbo Shaft,,NSCH,Unknown,"(dba: Dbs Air, Inc.)",0.0,0.0,0.0,5.0,VMC,Maneuvering,Probable Cause,30-09-1997,Bell 206L-3
20001208X08113,Incident,FTW97IA222,1997-06-14,"DALLAS, TX",United States,,,DFW,DALLAS/FT WORTH INTL,Incident,Minor,,N438AT,Aerospatiale,ATR-72-12,No,2.0,Turbo Prop,,SCHD,Unknown,Simmons Airlines (dba: American Eagle),0.0,0.0,0.0,32.0,VMC,Descent,Probable Cause,17-07-2001,Aerospatiale ATR-72-12
20001208X08456,Incident,MIA97IA206,1997-07-04,"MIAMI, FL",United States,,,MIA,MIAMI INTERNATIONAL,Incident,Minor,,N27UA,Mcdonnell Douglas,DC-8-61,No,4.0,Turbo Fan,,NSCH,Unknown,Fine Airlines,0.0,0.0,0.0,3.0,VMC,Unknown,Probable Cause,21-05-1998,Mcdonnell Douglas DC-8-61
20001208X08370,Accident,FTW97LA253,1997-07-04,"AUSTIN, TX",United States,,,88R,AUSTIN AIRPARK,Non-Fatal,Substantial,,N974DC,Piper,PA-31T,No,2.0,Turbo Prop,,NSCH,Unknown,(dba: O'hare Flying Service),0.0,0.0,0.0,2.0,VMC,Landing,Probable Cause,31-10-1997,Piper PA-31T
20001208X08282,Accident,ANC97LA109,1997-07-21,"NAKNEK, AK",United States,,,4AK9,NAKNEK-TIBBETTS,Non-Fatal,Substantial,,N9481F,Cessna,208,No,1.0,Turbo Prop,,SCHD,Unknown,Peninsula Airways Inc. (dba: Penair),0.0,0.0,0.0,3.0,VMC,Approach,Probable Cause,10-11-1998,Cessna 208
20001208X08283,Accident,ANC97LA110,1997-07-23,"TALKEETNA, AK",United States,,,,KAHILTNA GLACIER STRIP,Non-Fatal,Substantial,,N9855X,Cessna,185,No,1.0,Reciprocating,,NSCH,Unknown,"Hudson Air Service, Inc. (dba: Hudson Air Service, Inc.)",0.0,0.0,0.0,4.0,VMC,Takeoff,Probable Cause,10-11-1998,Cessna 185
20001208X08613,Incident,FTW97IA305,1997-08-11,"LAFAYETTE, LA",United States,,,LFT,LAFAYETTE REGIONAL,Incident,Minor,,N313AE,Saab-scania Ab (saab),340B,No,2.0,Turbo Prop,,SCHD,Unknown,(dba: American Eagle),0.0,0.0,0.0,35.0,VMC,Taxi,Probable Cause,29-02-2000,Saab-scania Ab (saab) 340B
20001208X08728,Accident,NYC97LA165,1997-08-13,"LEXINGTON, KY",United States,,,LEX,BLUE GRASS AIRPORT,Non-Fatal,Substantial,,N227R,Dassault,DA-20,No,2.0,Turbo Jet,,NSCH,Unknown,(dba: Reliant Airlines),0.0,0.0,0.0,2.0,VMC,Approach,Probable Cause,23-07-1999,Dassault DA-20
20001208X08632,Accident,FTW97LA320,1997-08-20,"HAYDEN, CO",United States,,,HDN,YAMPA VALLEY REGIONAL,Non-Fatal,Substantial,,N35164,Piper,PA-31-350,No,2.0,Reciprocating,,NSCH,Unknown,"Flight Line, Inc. (dba: American Check Transport)",0.0,0.0,0.0,2.0,VMC,Taxi,Probable Cause,02-02-1998,Piper PA-31-350
20001208X08536,Accident,ANC97LA127,1997-08-22,"ANCHORAGE, AK",United States,,,ANC,ANCHORAGE INTERNATIONAL,Non-Fatal,Substantial,,N27188,Fairchild,SA227-AC,No,2.0,Turbo Prop,,SCHD,Unknown,Merlin Express,0.0,0.0,0.0,7.0,VMC,Taxi,Probable Cause,13-07-1998,Fairchild SA227-AC
20001208X08537,Accident,ANC97LA128,1997-08-23,"FORT YUKON, AK",United States,,,,,Non-Fatal,Substantial,,N6465V,Helio,H-295,No,1.0,Reciprocating,,NSCH,Unknown,Wright Air Service,0.0,0.0,0.0,3.0,VMC,Takeoff,Probable Cause,13-07-1998,Helio H-295
20001208X08644,Accident,FTW97LA334,1997-08-31,"ALBUQUERQUE, NM",United States,,,ABQ,ALBUQUERQUE INTERNATIONAL,Non-Fatal,Substantial,,N16NM,Beech,E90,No,2.0,Turbo Prop,,NSCH,Unknown,(dba: Sb Aviation),0.0,0.0,0.0,3.0,VMC,Landing,Probable Cause,04-05-1998,Beech E90
20001208X08761,Accident,ANC97LA134,1997-09-06,"BETHEL, AK",United States,,,,CANYON CREEK,Non-Fatal,Substantial,,N7318U,Cessna,207A,No,1.0,Reciprocating,,NSCH,Unknown,(dba: Yukon Aviation),0.0,0.0,0.0,4.0,VMC,Takeoff,Probable Cause,06-11-1998,Cessna 207A
20001208X08769,Accident,ANC97LA145A,1997-09-08,"BUCKLAND, AK",United States,,,BVK,BUCKLAND,Non-Fatal,Substantial,,N2649Z,Cessna,402C,No,2.0,Reciprocating,,NSCH,Unknown,Hageland Aviation Services Inc,0.0,0.0,0.0,17.0,VMC,Taxi,Probable Cause,06-11-1998,Cessna 402C
20001208X08845,Accident,FTW97LA347,1997-09-12,"BRINKLEY, AR",United States,,,,,Non-Fatal,Substantial,,N107CW,Hughes,MDL-369HS,No,1.0,Turbo Shaft,,NSCH,Unknown,"Mid South Aviation, Inc.",0.0,0.0,0.0,4.0,VMC,Cruise,Probable Cause,06-11-1998,Hughes MDL-369HS
20001208X08772,Accident,ANC97LA150,1997-09-14,"KIVALINA, AK",United States,,,KVL,KIVALINA,Non-Fatal,Substantial,,N2649Z,Cessna,402C,No,2.0,Reciprocating,,SCHD,Unknown,"Hageland Aviation Services,inc",0.0,0.0,0.0,1.0,VMC,Landing,Probable Cause,06-11-1998,Cessna 402C
20001208X08862,Accident,FTW97LA370,1997-09-29,"ALBUQUERQUE, NM",United States,,,ABQ,ALBUQUERQUE INTERNATIONAL,Non-Fatal,Substantial,,N59217,Cessna,210L,No,2.0,Reciprocating,,NSCH,Unknown,(dba: New Mexico Flying Service),0.0,0.0,0.0,1.0,VMC,Landing,Probable Cause,06-11-1998,Cessna 210L
20001208X09075,Incident,MIA98IA006,1997-10-08,"ORLANDO, FL",United States,,,MCO,ORLANDO INTERNATIONAL,Incident,Minor,,N486JB,Beech,18 [C-45H],No,2.0,Reciprocating,,NSCH,Unknown,Carib-air Cargo Inc,0.0,0.0,0.0,1.0,VMC,Landing,Probable Cause,10-11-1998,Beech 18 [C-45H]
20001208X09047,Accident,LAX98FA013,1997-10-15,"MEADVIEW, AZ",United States,,,,,Non-Fatal,Substantial,,N227AV,Beech,99-C99,No,2.0,Turbo Prop,,SCHD,Unknown,(dba: Air Vegas),0.0,0.0,0.0,2.0,VMC,Maneuvering,Probable Cause,14-02-2000,Beech 99-C99
20001208X09109,Accident,NYC98LA015,1997-10-20,"SCOTTSVILLE, VA",United States,,,,,Non-Fatal,Substantial,,N2200J,Piper,PA-32RT-300,No,1.0,Reciprocating,,NSCH,Unknown,Blue Ridge Air,0.0,0.0,0.0,2.0,VMC,Cruise,Probable Cause,15-04-1999,Piper PA-32RT-300
20001208X08981,Accident,CHI98LA026,1997-10-29,"SHEBOYGAN, WI",United States,,,SBM,SHEBOYGAN COUNTY MUNI,Non-Fatal,Substantial,,N62MB,Learjet,35A,No,2.0,Turbo Fan,,NSCH,Unknown,West Bend Air,0.0,0.0,0.0,4.0,VMC,Takeoff,Probable Cause,26-06-1998,Learjet 35A
20001208X09070,Accident,LAX98LA027,1997-10-31,"SANTA ROSA, CA",United States,,,,,Non-Fatal,Substantial,,N1655H,Piper,PA-32R-300,No,1.0,Reciprocating,,NSCH,Unknown,(dba: On Demand Cargo Carrier),0.0,0.0,0.0,1.0,VMC,Approach,Probable Cause,21-06-2000,Piper PA-32R-300
20001208X09218,Accident,MIA98LA019,1997-11-02,"FORT LAUDERDALE, FL",United States,,,FLL,FT LAUDERDALE-HOLLYWOOD,Non-Fatal,Destroyed,,N69312,Cessna,402B,No,2.0,Reciprocating,,NSCH,Unknown,Air Flight,0.0,0.0,0.0,7.0,VMC,Approach,Probable Cause,10-04-1998,Cessna 402B
20001208X09235,Accident,NYC98LA028,1997-11-13,"WHEELING, WV",United States,,,HLG,WHEELING,Non-Fatal,Substantial,,N80GP,Beech,65-A90,No,2.0,Turbo Prop,,NSCH,Unknown,Skyward Aviation,0.0,0.0,0.0,5.0,IMC,Landing,Probable Cause,10-11-1998,Beech 65-A90
20001208X09216,Incident,MIA98IA035,1997-11-20,"MIAMI, FL",United States,,,MIA,MIAMI INTERNATIONAL,Incident,Minor,,N55FB,Douglas,DC-8F-55,No,4.0,Turbo Fan,,NSCH,Unknown,"Fine Air Services, Inc.",0.0,0.0,0.0,3.0,VMC,Standing,Probable Cause,28-02-2000,Douglas DC-8F-55
20001208X09251,Accident,ANC98LA012,1997-12-15,"ALAKANUK, AK",United States,,,AUK,ALAKANUK,Non-Fatal,Substantial,,N707FY,Cessna,207,No,1.0,Reciprocating,,NSCH,Unknown,(dba: Camai Air),0.0,0.0,0.0,1.0,VMC,Approach,Probable Cause,06-11-1998,Cessna 207
20001208X09368,Accident,NYC98LA050,1997-12-23,"WINDSOR LOCKS, CT",United States,,,BDL,BRADLEY INTL,Non-Fatal,Substantial,,N140ZV,Beech,1900D,No,2.0,Turbo Prop,,SCHD,Unknown,(dba: Usairways Express),0.0,0.0,0.0,5.0,IMC,Taxi,Probable Cause,01-12-1999,Beech 1900D
20001208X09314,Accident,FTW98LA080A,1997-12-29,"DFW AIRPORT, TX",United States,,,DFW,DFW INTERNATIONAL,Non-Fatal,Minor,,N4980V,Beech,E18S,No,2.0,Reciprocating,,NSCH,Unknown,(dba: Springdale Air Service),0.0,0.0,0.0,2.0,VMC,Taxi,Probable Cause,30-10-1998,Beech E18S
20001208X09314,Accident,FTW98LA080B,1997-12-29,"DFW AIRPORT, TX",United States,,,DFW,DFW INTERNATIONAL,Non-Fatal,Substantial,,N2069C,Beech,E18S,No,2.0,Reciprocating,,NSCH,Unknown,(dba: Springdale Air Service),0.0,0.0,0.0,2.0,VMC,Standing,Probable Cause,30-10-1998,Beech E18S
20001211X09462,Accident,LAX98LA070,1998-01-08,"PHOENIX, AZ",United States,,,KPHX,SKY HARBOR INTERNATIONAL,Non-Fatal,Substantial,,N752JX,British Aerospace,JETSTREAM 3101,No,2.0,Turbo Prop,,NSCH,Unknown,Native American Air Ambualnce,0.0,0.0,0.0,4.0,VMC,Taxi,Probable Cause,15-02-2001,British Aerospace JETSTREAM 3101
20001211X09454,Accident,IAD98LA023,1998-01-20,"SARANAC LAKE, NY",United States,,,SLK,SARANAC LAKE ADIRONDACK,Non-Fatal,Substantial,,N854CA,Beech,1900D,No,2.0,Turbo Prop,,SCHD,Unknown,(dba: Commutair),0.0,0.0,0.0,12.0,IMC,Landing,Probable Cause,22-06-2000,Beech 1900D
20001211X09409,Accident,CHI98LA084,1998-01-20,"GRAND ISLAND, NE",United States,,,GRI,CENTRAL NEBRASKA REGIONAL,Non-Fatal,Substantial,,N738FX,Cessna,208B,No,1.0,Turbo Prop,,NSCH,Unknown,"Baron Aviation Services, Inc. (dba: Federal Express)",0.0,0.0,0.0,1.0,IMC,Landing,Probable Cause,04-05-1998,Cessna 208B
20001211X09539,Incident,FTW98IA130,1998-02-22,"LAWTON, OK",United States,,,LAW,LAWTON-FORT SILL REGIONAL,Incident,Minor,,N396AE,Saab-scania Ab (saab),340B,No,2.0,Turbo Prop,,SCHD,Unknown,Simmons Airlines (dba: American Eagle),0.0,0.0,0.0,6.0,VMC,Cruise,Probable Cause,17-05-2001,Saab-scania Ab (saab) 340B
20001211X09672,Accident,FTW98LA149,1998-03-11,"TYLER, TX",United States,,,TYR,TYLER POUNDS FIELD,Non-Fatal,Substantial,,N730C,Fairchild,SA227-AC,No,2.0,Turbo Prop,,SCHD,Unknown,Austin Express,0.0,0.0,0.0,3.0,VMC,Taxi,Probable Cause,15-02-2001,Fairchild SA227-AC
20001211X09721,Accident,LAX98LA124,1998-03-19,"FALLON, NV",United States,,,,PRIVATE STRIP,Non-Fatal,Substantial,,N8274M,Cessna,210K,No,1.0,Reciprocating,,NSCH,Unknown,Fallon Airmotive Inc.,0.0,0.0,0.0,4.0,VMC,Takeoff,Probable Cause,22-06-2000,Cessna 210K
20001211X09645,Accident,CHI98LA113,1998-03-26,"SIOUX FALLS, SD",United States,,,FSD,JOE FOSS FIELD,Non-Fatal,Substantial,,N3700G,Cessna,310R,No,2.0,Reciprocating,,NSCH,Unknown,Airnet Systems,0.0,0.0,0.0,1.0,VMC,Landing,Probable Cause,30-10-1998,Cessna 310R
20001211X09790,Accident,ANC98LA034,1998-04-03,"COLDFOOT, AK",United States,,,,,Non-Fatal,Substantial,,N1205F,Cessna,185F,No,1.0,Reciprocating,,NSCH,Unknown,North Quest Aviation,0.0,0.0,0.0,3.0,VMC,Taxi,Probable Cause,15-02-2001,Cessna 185F
20001211X09793,Accident,ANC98LA038,1998-04-15,"DUTCH HARBOR, AK",United States,,,,,Non-Fatal,Substantial,,N22932,Grumman,G-21,No,2.0,Reciprocating,,SCHD,Unknown,(dba: Penair),0.0,0.0,0.0,9.0,VMC,Landing,Probable Cause,28-09-1999,Grumman G-21
20001211X09864,Accident,FTW98LA187,1998-04-17,"CAMERON, LA",United States,,,,,Non-Fatal,Substantial,,N59604,Bell,206B,No,1.0,Turbo Shaft,,NSCH,Unknown,(dba: Houston Helicopters),0.0,0.0,0.0,5.0,VMC,Approach,Probable Cause,15-04-1999,Bell 206B
20001211X09893,Accident,LAX98LA140,1998-04-20,"LOS ANGELES, CA",United States,,,,,Non-Fatal,Substantial,,N87WC,Bell,206L-1,No,1.0,Turbo Shaft,,NSCH,Unknown,Helinet,0.0,0.0,0.0,2.0,VMC,Approach,Probable Cause,22-02-2001,Bell 206L-1
20001211X10058,Accident,FTW98LA201,1998-05-01,"GREYBULL, WY",United States,,,GEY,SOUTH BIG HORN COUNTY,Non-Fatal,Substantial,,N3316Q,Cessna,320D,No,2.0,Reciprocating,,NSCH,Unknown,(dba: Star West Aviation),0.0,0.0,0.0,5.0,VMC,Taxi,Probable Cause,28-01-2000,Cessna 320D
20001211X10175,Incident,NYC98IA106,1998-05-04,"SYRACUSE, NY",United States,,,SYR,SYRACUSE HANCOCK INT'L,Incident,Minor,,N832CA,Beech,1900D,No,2.0,Turbo Prop,,SCHD,Unknown,(dba: Us Airways Express),0.0,0.0,0.0,14.0,VMC,Takeoff,Probable Cause,31-03-2000,Beech 1900D
20001211X09993,Accident,ATL98LA078,1998-05-23,"ORLANDO, FL",United States,,,ORL,ORLANDO EXECUTIVE AIRPORT,Non-Fatal,Substantial,,N100DL,Learjet,24-B,No,2.0,Turbo Jet,,NSCH,Unknown,Panther Aviation,0.0,0.0,0.0,6.0,VMC,Landing,Probable Cause,02-07-1999,Learjet 24-B
20001211X09979,Accident,ANC98LA059,1998-05-29,"BETHEL, AK",United States,,,,,Non-Fatal,Substantial,,N9956M,Cessna,207,No,1.0,Reciprocating,,NSCH,Unknown,(dba: Ats),0.0,0.0,0.0,1.0,VMC,Climb,Probable Cause,15-02-2001,Cessna 207
20001211X10206,Accident,ANC98LA067,1998-06-09,"CHICKALOON, AK",United States,,,,,Non-Fatal,Substantial,,N9855X,Cessna,185,No,1.0,Reciprocating,,NSCH,Unknown,"Hudson Air Service, Inc. (dba: Hudson Air Service)",0.0,0.0,0.0,2.0,VMC,Approach,Probable Cause,17-11-1999,Cessna 185
20001211X10200,Accident,ANC98FA069,1998-06-09,"JUNEAU, AK",United States,,,,,Non-Fatal,Substantial,,N96AK,Cessna,207A,No,1.0,Reciprocating,,SCHD,Unknown,(dba: Wings Of Alaska),0.0,0.0,0.0,5.0,VMC,Climb,Probable Cause,30-03-2000,Cessna 207A
20001211X10212,Accident,ANC98LA074,1998-06-16,"TALKEETNA, AK",United States,,,,,Non-Fatal,Substantial,,N185DG,Cessna,A185F,No,1.0,Reciprocating,,NSCH,Unknown,"Douglas Geeting Aviation, Inc.",0.0,0.0,0.0,3.0,VMC,Takeoff,Probable Cause,15-02-2001,Cessna A185F
20001211X10216,Accident,ANC98LA078,1998-06-19,"HOLY CROSS, AK",United States,,,,,Non-Fatal,Substantial,,N1673U,Cessna,207,No,1.0,Reciprocating,,NSCH,Unknown,Inland Aviation Services Inc.,0.0,0.0,0.0,4.0,VMC,Cruise,Probable Cause,02-07-1999,Cessna 207
20001211X10443,Incident,ANC98IA096,1998-07-05,"HOMER, AK",United States,,,HOM,HOMER,Incident,Minor,,N3347L,Cessna,185,No,1.0,Reciprocating,,NSCH,Unknown,"(dba: Smokey Bay Air, Inc.)",0.0,0.0,0.0,3.0,VMC,Taxi,Probable Cause,28-09-1999,Cessna 185
20001211X10696,Incident,SEA98IA141,1998-07-18,"SEATTLE, WA",United States,,,SEA,SEATTLE-TACOMA INTL,Incident,Minor,,N921R,Mcdonnell Douglas,DC-8-63F,No,4.0,Turbo Jet,,NSCH,Unknown,Emery Worldwide Airlines,0.0,0.0,0.0,5.0,IMC,Landing,Probable Cause,19-04-2001,Mcdonnell Douglas DC-8-63F
20001211X10460,Accident,ANC98LA109,1998-07-25,"SKWENTNA, AK",United States,,,,,Non-Fatal,Substantial,,N8622U,Enstrom,F-28F,No,1.0,Reciprocating,,NSCH,Unknown,(dba: Talaheim Lodge & Air Service),0.0,0.0,0.0,2.0,VMC,Maneuvering,Probable Cause,30-03-2000,Enstrom F-28F
20001211X10601,Accident,FTW98LA353,1998-07-27,"TELLURIDE, CO",United States,,,TEX,TELLURIDE REGIONAL,Non-Fatal,Substantial,,N449YV,De Havilland,DH-8-202,No,2.0,Turbo Prop,,SCHD,Unknown,"Mesa Air Group, Inc. (dba: America West)",0.0,0.0,0.0,27.0,VMC,Other,Probable Cause,11-02-2000,De Havilland DH-8-202
20001211X10845,Accident,FTW98LA349,1998-08-07,"ALBUQUERQUE, NM",United States,,,,,Non-Fatal,Substantial,,N732RD,Cessna,210M,No,1.0,Reciprocating,,NSCH,Unknown,New Mexico Flying Service (dba: B & M Enterprises),0.0,0.0,0.0,1.0,VMC,Approach,Probable Cause,15-02-2001,Cessna 210M
20001211X10971,Accident,ANC98LA138,1998-09-02,"DILLINGHAM, AK",United States,,,,,Non-Fatal,Substantial,,N139F,Grumman,G-44,No,2.0,Reciprocating,,NSCH,Unknown,"Fresh Water Adventures (dba: Fresh Water Adventures, Inc.)",0.0,0.0,0.0,3.0,VMC,Maneuvering,Probable Cause,30-03-2000,Grumman G-44
20001211X10982,Accident,ANC98LA150,1998-09-10,"HUGHES, AK",United States,,,PAIM,INDIAN MOUNTAIN LLRS,Non-Fatal,Substantial,,N7380U,Cessna,207A,No,1.0,Reciprocating,,NSCH,Unknown,Warbelow's Air Ventures Inc.,0.0,0.0,0.0,2.0,VMC,Landing,Probable Cause,30-03-2000,Cessna 207A
20001211X10981,Accident,ANC98LA149,1998-09-13,"SLEETMUTE, AK",United States,,,AK64,TAYLOR MOUNTAIN MINE,Non-Fatal,Substantial,,N1754U,Cessna,207,No,1.0,Reciprocating,,NSCH,Unknown,Inland Aviation Services Inc.,0.0,0.0,0.0,4.0,VMC,Takeoff,Probable Cause,16-02-2001,Cessna 207
20001211X11007,Accident,ATL98LA130,1998-09-25,"ORLANDO, FL",United States,,,ORL,ORLANDO EXECUTIVE AIRPORT,Non-Fatal,Substantial,,N300EW,Cessna,210L,No,1.0,Reciprocating,,NSCH,Unknown,Flight Express,0.0,0.0,0.0,1.0,VMC,Landing,Probable Cause,19-05-1999,Cessna 210L
20001211X11191,Accident,ANC99LA006,1998-10-16,"ENGLISH BAY, AK",United States,,,KEB,ENGLISH BAY,Non-Fatal,Substantial,,N6522T,Britten-norman,BN-2A,No,2.0,Reciprocating,,NSCH,Unknown,(dba: Homer Air Service),0.0,0.0,0.0,8.0,VMC,Takeoff,Probable Cause,16-02-2001,Britten-norman BN-2A
20001211X11294,Accident,LAX99LA016,1998-10-26,"LAHAINA, HI",United States,,,JHM,KAPALUA,Non-Fatal,Substantial,,N860FE,Cessna,208B,No,1.0,Turbo Prop,,NSCH,Unknown,"Corporate Air, Inc.",0.0,0.0,0.0,1.0,VMC,Landing,Probable Cause,20-04-2000,Cessna 208B
20001211X11362,Incident,ATL99IA015,1998-11-08,"ATLANTA, GA",United States,,,ATL,HARTSFIELD ATLANTA INT'L,Incident,Minor,,N811DE,Mcdonnell Douglas,MD-11,No,3.0,Turbo Fan,,SCHD,Unknown,Delta Air Lines Inc.,0.0,0.0,0.0,4.0,UNK,Standing,Probable Cause,14-08-2001,Mcdonnell Douglas MD-11
20001211X11501,Accident,SEA99LA016,1998-11-29,"IDAHO CITY, ID",United States,,,,,Non-Fatal,Substantial,,N977LF,Mcdonnell Douglas,MD-900,No,2.0,Turbo Shaft,,NSCH,Unknown,"Idaho Helicopters, Inc.",0.0,0.0,0.0,4.0,VMC,Climb,Probable Cause,11-01-2000,Mcdonnell Douglas MD-900
20001211X11506,Accident,ANC99LA015,1998-12-04,"NONDALTON, AK",United States,,,,,Non-Fatal,Substantial,,N36755,Stinson,10A,No,1.0,Reciprocating,,NSCH,Unknown,Lake Clark Air Inc.,0.0,0.0,0.0,2.0,VMC,Cruise,Probable Cause,16-02-2001,Stinson 10A
20001211X11573,Accident,LAX99FA051,1998-12-17,"LOS ANGELES, CA",United States,33.948611,-118.413611,LAX,Los Angeles International,Non-Fatal,Substantial,,N554CL,Learjet,55B,No,2.0,Turbo Fan,,NSCH,Unknown,Clay Lacy (dba: Clay Lacy Aviation),0.0,0.0,0.0,7.0,VMC,Cruise,Probable Cause,25-11-2003,Learjet 55B
20001211X11530,Accident,CHI99LA055,1998-12-17,"TRAVERSE CITY, MI",United States,,,TVC,CHERRY CAPITAL AIRPORT,Non-Fatal,Substantial,,N47AE,Aerospatiale,ATR-42-300,No,2.0,Turbo Prop,,SCHD,Unknown,American Eagle Airlines Inc (dba: American Eagle),0.0,0.0,0.0,43.0,IMC,Landing,Probable Cause,09-05-2001,Aerospatiale ATR-42-300
20001204X00066,Accident,IAD99LA027,1999-01-14,"YOUNGSTOWN, OH",United States,,,YNG,WARREN REGIONAL AIRPORT,Non-Fatal,Substantial,,N882BB,Cessna,421B,No,2.0,Reciprocating,,NSCH,Unknown,"Hawkeye Charter Service, Inc",0.0,0.0,0.0,5.0,IMC,Landing,Probable Cause,21-06-2000,Cessna 421B
20001204X00001,Incident,ANC99IA025,1999-01-19,"FAIRBANKS, AK",United States,,,FAI,FAIRBANKS INT'L AIRPORT,Incident,Minor,,N481EV,Boeing,747-100,No,4.0,Turbo Fan,,NSCH,Unknown,"Evergreen Int'l Airlines, Inc.",0.0,0.0,0.0,4.0,VMC,Landing,Probable Cause,21-06-2000,Boeing 747-100
20001205X00182,Incident,LAX99IA085,1999-02-01,"GRAND CANYON PK, AZ",United States,,,,,Incident,Minor,,N32GA,Aerospatiale,AS350B,No,1.0,Turbo Shaft,,NSCH,Unknown,"Silverado Helicopters, Inc. (dba: Heli Usa)",0.0,0.0,0.0,7.0,VMC,Descent,Probable Cause,18-01-2001,Aerospatiale AS350B
20001205X00148,Accident,DEN99LA036,1999-02-02,"CODY, WY",United States,,,COD,YELLOWSTONE REGIONAL,Non-Fatal,Substantial,,N980FE,Cessna,208B,No,1.0,Turbo Prop,,NSCH,Unknown,Corporate Air,0.0,0.0,0.0,1.0,VMC,Taxi,Probable Cause,18-04-2001,Cessna 208B
20001205X00131,Accident,CHI99LA085,1999-02-08,"MILWAUKEE, WI",United States,,,MKE,GENERAL MITCHEL INT'L,Non-Fatal,Substantial,,N148SK,Beech,1900D,No,2.0,Turbo Prop,,SCHD,Unknown,(dba: Skyway Airlines),0.0,0.0,0.0,14.0,IMC,Approach,Probable Cause,20-04-2001,Beech 1900D
20001205X00163,Accident,FTW99LA080,1999-02-13,"HOCKLEY, TX",United States,,,,,Non-Fatal,Substantial,,N220HH,Eurocopter,BK 117 B-1,No,2.0,Turbo Shaft,,NSCH,Unknown,Hermann Hospital Life Flight (dba: Hermann Life Flight),0.0,0.0,0.0,5.0,VMC,Takeoff,Probable Cause,25-04-2001,Eurocopter BK 117 B-1
20001205X00227,Incident,NYC99IA062,1999-02-16,"COLUMBUS, OH",United States,,,CMH,PORT COLUMBUS INTL ARPT,Incident,Minor,,N628AW,Airbus Industrie,A-320-231,No,2.0,Turbo Fan,,SCHD,Unknown,America West Airlines,0.0,0.0,0.0,31.0,VMC,Approach,Probable Cause,09-05-2001,Airbus Industrie A-320-231
20001205X00272,Accident,CHI99FA102,1999-03-04,"KANSAS CITY, MO",United States,,,MCI,KANSAS CITY INTERNATIONAL,Non-Fatal,Substantial,,N195US,Douglas,DC-9-15F,No,2.0,Turbo Jet,,NSCH,Unknown,"(dba: Usa Jet Airlines, Inc.)",0.0,0.0,0.0,2.0,VMC,Approach,Probable Cause,10-01-2001,Douglas DC-9-15F
20001205X00382,Accident,NYC99LA073,1999-03-09,"RICHMOND, VA",United States,,,RIC,RICHMOND INT. AIRPORT,Non-Fatal,Substantial,,N5454F,Piper,PA-32R-300,No,1.0,Reciprocating,,NSCH,Unknown,Ram Air Frieght (dba: Ram Air Frieght),0.0,0.0,0.0,1.0,IMC,Climb,Probable Cause,22-06-2000,Piper PA-32R-300
20001205X00309,Accident,DEN99LA054,1999-03-15,"BROOMFIELD, CO",United States,,,BJC,JEFFCO AIRPORT,Non-Fatal,Substantial,,N4127T,Cessna,320D,No,2.0,Reciprocating,,NSCH,Unknown,Star West Aviation,0.0,0.0,0.0,1.0,VMC,Cruise,Probable Cause,13-10-2000,Cessna 320D
20001205X00399,Accident,ANC99LA040,1999-04-01,"FAIRBANKS, AK",United States,,,,,Non-Fatal,Substantial,,N8367F,Robinson,R-22,No,1.0,Reciprocating,,NSCH,Unknown,Chena River Aviation,0.0,0.0,0.0,2.0,VMC,Maneuvering,Probable Cause,20-04-2000,Robinson R-22
20001205X00507,Accident,LAX99LA163,1999-04-23,"FITIUTA, AUSTRALIA",Australia,,,FAQ,FITIUTA AIRPORT,Non-Fatal,Substantial,,N719AS,De Havilland,DHC-6-200,No,2.0,Turbo Prop,,SCHD,Unknown,(dba: Samoa Air),0.0,0.0,0.0,14.0,VMC,Landing,Probable Cause,02-03-2001,De Havilland DHC-6-200
20001205X00413,Accident,ANC99LA057,1999-04-27,"HEALY, AK",United States,,,,DANIELS STRIP,Non-Fatal,Substantial,,N3125N,De Havilland,DHC-3,No,1.0,Reciprocating,,NSCH,Unknown,Forty Mile Air Ltd.,0.0,0.0,0.0,2.0,VMC,Landing,Probable Cause,31-03-2000,De Havilland DHC-3
20001212X18677,Accident,ANC99LA064,1999-05-25,"ANCHORAGE, AK",United States,,,PANC,ANCHORAGE INTERNATIONAL,Non-Fatal,Substantial,,N72GC,De Havilland,DHC-6-300,No,2.0,Turbo Prop,,SCHD,Unknown,Era Aviation Inc.,0.0,0.0,0.0,4.0,VMC,Approach,Probable Cause,21-06-2000,De Havilland DHC-6-300
20001212X18908,Accident,ANC99LA068,1999-06-01,"GLENNALLEN, AK",United States,,,,,Non-Fatal,Substantial,,N1929T,Robinson,R22,No,1.0,Reciprocating,,NSCH,Unknown,(dba: Alaska Chopper),0.0,0.0,0.0,2.0,VMC,Takeoff,Probable Cause,22-06-2000,Robinson R22
20001212X19049,Accident,MIA99FA168,1999-06-08,"FORT LAUDERDALE, FL",United States,,,FLL,FORT LAUDERDALE-HOLLYWOOD,Non-Fatal,Substantial,,N440AB,Cessna,402C,No,2.0,Reciprocating,,NSCH,Unknown,"Air Sunshine, Inc.",0.0,0.0,0.0,10.0,IMC,Takeoff,Probable Cause,09-03-2001,Cessna 402C
20001212X18920,Accident,ANC99LA083,1999-06-29,"TALKEETNA, AK",United States,,,,,Non-Fatal,Substantial,,N126KT,Cessna,TU206,No,1.0,Reciprocating,,NSCH,Unknown,"K2 Adventures, Inc.",0.0,0.0,0.0,5.0,VMC,Cruise,Probable Cause,23-06-2000,Cessna TU206
20001212X19148,Accident,ANC99TA090,1999-07-08,"DEADHORSE, AK",United States,,,,,Non-Fatal,Substantial,,N47122,Bell,206B,No,1.0,Turbo Shaft,,NSCH,Unknown,U.s. Bureau Of Land Management,0.0,0.0,0.0,4.0,VMC,Standing,Probable Cause,30-11-2000,Bell 206B
20001212X19212,Accident,CHI99LA254,1999-07-23,"MINNEAPOLIS, MN",United States,,,MSP,MINNEAPOLIS ST. PAUL INTL,Non-Fatal,Substantial,,N621KE,Beech,G18S,No,2.0,Reciprocating,,NSCH,Unknown,May Air Express,0.0,0.0,0.0,1.0,VMC,Takeoff,Probable Cause,02-03-2001,Beech G18S
20001212X19480,Incident,DEN99IA136A,1999-08-05,"DENVER, CO",United States,,,DEN,DENVER INTERNATIONAL,Incident,Minor,,N101UX,Beech,1900D,No,2.0,Turbo Prop,,SCHD,Unknown,(dba: United Express),0.0,0.0,0.0,22.0,IMC,Taxi,Probable Cause,30-11-2000,Beech 1900D
20001212X19398,Accident,ANC99LA107A,1999-08-07,"KETCHIKAN, AK",United States,,,,,Non-Fatal,Substantial,,N288SA,De Havilland,DHC-6-300,No,2.0,Turbo Prop,,NSCH,Unknown,Seaborne Aviation Inc.,0.0,0.0,0.0,34.0,VMC,Standing,Probable Cause,05-12-2000,De Havilland DHC-6-300
20001212X19398,Accident,ANC99LA107B,1999-08-07,"KETCHIKAN, AK",United States,,,,,Non-Fatal,Minor,,N224SA,De Havilland,DHC-6-300,No,2.0,Turbo Prop,,NSCH,Unknown,Seaborne Aviation Inc.,0.0,0.0,0.0,34.0,VMC,Standing,Probable Cause,05-12-2000,De Havilland DHC-6-300
20001212X19649,Accident,SEA99LA137,1999-08-10,"COUNCIL, ID",United States,,,OR12,OXBOW AIRPORT,Non-Fatal,Substantial,,N7739K,Cessna,180J,No,1.0,Reciprocating,,NSCH,Unknown,Baker Aircraft Inc.,0.0,0.0,0.0,2.0,VMC,Landing,Probable Cause,30-11-2000,Cessna 180J
20001212X19409,Accident,ANC99LA122,1999-08-20,"PORT ALSWORTH, AK",United States,,,,,Non-Fatal,Substantial,,N888KA,De Havilland,DHC-3T,No,1.0,Turbo Prop,,NSCH,Unknown,"Ketchum Air Service, Inc.",0.0,0.0,0.0,4.0,VMC,Takeoff,Probable Cause,23-06-2000,De Havilland DHC-3T
20001212X19565,Accident,LAX99LA282,1999-08-24,"KAHULUI, HI",United States,,,,,Non-Fatal,Substantial,,N6094S,Aerospatiale,AS350BA,No,1.0,Turbo Shaft,,NSCH,Unknown,(dba: Sunshine Helicopters Inc.),0.0,0.0,0.0,5.0,VMC,Approach,Probable Cause,09-05-2001,Aerospatiale AS350BA
20001212X19411,Accident,ANC99LA124,1999-08-25,"ILIAMNA, AK",United States,,,,,Non-Fatal,Substantial,,N930TG,De Havilland,DHC-2,No,1.0,Reciprocating,,NSCH,Unknown,"(dba: Iliaska Lodge,inc.)",0.0,0.0,0.0,5.0,VMC,Takeoff,Probable Cause,30-11-2000,De Havilland DHC-2
20001212X19673,Accident,ANC99LA147,1999-09-19,"PILOT POINT, AK",United States,,,,,Non-Fatal,Substantial,,N60859,Cessna,185F,No,1.0,Reciprocating,,NSCH,Unknown,C-air,0.0,0.0,0.0,2.0,VMC,Takeoff,Probable Cause,09-05-2001,Cessna 185F
20001212X19705,Incident,CHI99IA351,1999-09-24,"CHICAGO, IL",United States,,,MDW,CHICAGO MIDWAY,Incident,Minor,,N6362X,Cessna,402B,No,2.0,Unknown,,NSCH,Unknown,Sparta Aviation Service Inc (dba: Rapid Air),0.0,0.0,0.0,1.0,VMC,Takeoff,Probable Cause,21-05-2002,Cessna 402B
20001212X20029,Accident,NYC00LA005,1999-10-05,"NEWARK, NJ",United States,,,EWR,NEWARK INTERNATIONAL,Non-Fatal,Substantial,,N606FE,Mcdonnell Douglas,MD-11F,No,3.0,Turbo Fan,,NSCH,Unknown,Fedex,0.0,0.0,0.0,2.0,VMC,Landing,Probable Cause,17-07-2001,Mcdonnell Douglas MD-11F
20001212X20030,Accident,NYC00LA007,1999-10-06,"PHILADELPHIA, PA",United States,,,,,Non-Fatal,Substantial,,N818EX,Boeing - Canada (de Havilland),DHC-8-102,No,2.0,Turbo Prop,,SCHD,Unknown,Allegheny Airlines Inc.,0.0,0.0,0.0,15.0,VMC,Cruise,Probable Cause,10-08-2000,Boeing - Canada (de Havilland) DHC-8-102
20001212X19899,Accident,ANC00LA008,1999-10-27,"BETHEL, AK",United States,,,PABE,BETHEL,Non-Fatal,Substantial,,N207SE,Cessna,207,No,1.0,Reciprocating,,SCHD,Unknown,Hageland Aviation Services Inc,0.0,0.0,0.0,2.0,IMC,Cruise,Probable Cause,17-05-2001,Cessna 207
20001212X19900,Accident,ANC00LA009,1999-10-28,"RUSSIAN MISSION, AK",United States,,,RSH,RUSSIAN MISSION,Non-Fatal,Substantial,,N31606,Piper,PA-32-300,No,1.0,Reciprocating,,SCHD,Unknown,(dba: Tanana Air Service),0.0,0.0,0.0,1.0,VMC,Cruise,Probable Cause,17-05-2001,Piper PA-32-300
20001212X20121,Accident,LAX00LA035,1999-11-12,"VAN NUYS, CA",United States,,,VNY,VAN NUYS,Non-Fatal,Substantial,,N1195L,American General Aircraft,AG5B,No,1.0,Reciprocating,,NSCH,Unknown,D&s Aviation,0.0,0.0,0.0,3.0,VMC,Approach,Probable Cause,16-08-2001,American General Aircraft AG5B
20001212X20181,Accident,SEA00LA025,1999-11-27,"BOISE, ID",United States,,,BOI,BOISE AIR TERMINAL,Non-Fatal,Substantial,,N216SA,Dassault,DA-20,No,2.0,Turbo Fan,,NSCH,Unknown,"Smith Air, Inc.",0.0,0.0,0.0,2.0,VMC,Approach,Probable Cause,17-05-2001,Dassault DA-20
20001212X20186,Accident,ANC00LA017,1999-12-06,"BETHEL, AK",United States,,,BET,BETHEL,Non-Fatal,Substantial,,N5187B,Cessna,208B,No,1.0,Turbo Prop,,SCHD,Unknown,"(dba: Arctic Circle Air Service, Inc)",0.0,0.0,0.0,2.0,VMC,Takeoff,Probable Cause,17-05-2001,Cessna 208B
20001212X20259,Accident,LAX00LA043,1999-12-10,"SCOTTSDALE, AZ",United States,,,,,Non-Fatal,Substantial,,N27181,Piper,PA-31-350,No,2.0,Reciprocating,,NSCH,Unknown,Union Flights Inc (dba: Union Flights),0.0,0.0,0.0,1.0,VMC,Descent,Probable Cause,16-05-2001,Piper PA-31-350
20001212X20227,Accident,DEN00LA026,1999-12-10,"GILLETTE, WY",United States,,,GCC,CAMPBELL COUNTY,Non-Fatal,Substantial,,N3912C,Cessna,421C,No,2.0,Reciprocating,,NSCH,Unknown,Flight Line Incorporated (dba: Flight Line Aviation),0.0,0.0,0.0,3.0,VMC,Landing,Probable Cause,21-06-2000,Cessna 421C
20001212X20188,Accident,ANC00LA020,1999-12-23,"CHENEGA BAY, AK",United States,,,,,Non-Fatal,Substantial,,N70021,Cessna,185,No,1.0,Reciprocating,,NSCH,Unknown,Dennis Perry (dba: Bear Lake Air Service),0.0,0.0,0.0,3.0,VMC,Takeoff,Probable Cause,09-05-2001,Cessna 185
20001212X20326,Accident,ANC00LA022,2000-01-26,"EKUK, AK",United States,,,KKU,EKUK,Non-Fatal,Substantial,,N8004N,Piper,PA-32-301,No,1.0,Reciprocating,,NSCH,Unknown,(dba: Penair),0.0,0.0,0.0,1.0,VMC,Landing,Probable Cause,02-03-2001,Piper PA-32-301
20001212X20416,Accident,MIA00LA077,2000-01-28,"W. COLUMBIA, SC",United States,,,CAE,COLUMBIA METROPOLITAN,Non-Fatal,Substantial,,N42Y,Piper,PA-32RT-300,No,1.0,Reciprocating,,NSCH,Unknown,"Corporate Air Fleet, Inc.",0.0,0.0,0.0,1.0,VMC,Taxi,Probable Cause,02-03-2001,Piper PA-32RT-300
20001212X20372,Accident,FTW00LA078,2000-01-28,"FAYETTEVILLE, AR",United States,,,FYV,FAYETTEVILLE DRAKE FIELD,Non-Fatal,Substantial,,N245DH,Swearingen,SA-227-AT,No,2.0,Turbo Prop,,NSCH,Unknown,"Ameriflight, Inc.",0.0,0.0,0.0,2.0,VMC,Landing,Probable Cause,04-12-2000,Swearingen SA-227-AT
20001212X20438,Accident,ANC00LA025,2000-02-07,"TULUKSAK, AK",United States,,,TLT,TULUSAK,Non-Fatal,Substantial,,N327CT,Cessna,207,No,1.0,Reciprocating,,SCHD,Unknown,Hageland Aviation Services,0.0,0.0,0.0,5.0,VMC,Takeoff,Probable Cause,09-05-2001,Cessna 207
20001212X20460,Accident,CHI00LA073,2000-02-15,"AMERY, WI",United States,,,AHH,AMERY MUNICIPAL AIRPORT,Non-Fatal,Substantial,,N106RS,Piper,PA-23-250,No,2.0,Reciprocating,,NSCH,Unknown,Wisconsin Aviation,0.0,0.0,0.0,3.0,IMC,Cruise,Probable Cause,02-03-2001,Piper PA-23-250
20001212X20452,Accident,CHI00FA071,2000-02-15,"ESCANABA, MI",United States,,,ESC,DELTA COUNTY,Non-Fatal,Substantial,,N81SK,Beech,1900D,No,2.0,Turbo Prop,,SCHD,Unknown,(dba: Skyway Airlines),0.0,0.0,0.0,9.0,IMC,Landing,Probable Cause,06-04-2001,Beech 1900D
20001212X20571,Accident,SEA00LA046,2000-02-19,"SEATTLE, WA",United States,,,SEA,SEATTLE-TACOMA INTL,Non-Fatal,Substantial,,N811CK,Mcdonnell Douglas,DC-8-63F,No,4.0,Turbo Jet,,NSCH,Unknown,(dba: American International Airways),0.0,0.0,0.0,5.0,VMC,Takeoff,Probable Cause,18-05-2001,Mcdonnell Douglas DC-8-63F
20001212X20648,Incident,IAD00IA026,2000-03-12,"BALTIMORE, MD",United States,,,BWI,BALTIMORE-WASHINGTON INT,Incident,Minor,,N838EX,Boeing - Canada (de Havilland),DHC-8-102,No,2.0,Turbo Prop,,SCHD,Unknown,(dba: Us Airways Express),0.0,0.0,0.0,32.0,VMC,Standing,Probable Cause,18-12-2001,Boeing - Canada (de Havilland) DHC-8-102
20001212X20633,Accident,FTW00LA099,2000-03-15,"SAN ANTONIO, TX",United States,,,SAT,SAN ANTONIO INTERNATIONAL,Non-Fatal,Substantial,,N11NX,Cessna,402C,No,2.0,Reciprocating,,NSCH,Unknown,(dba: National Express),0.0,0.0,0.0,1.0,VMC,Landing,Probable Cause,02-03-2001,Cessna 402C
20001212X20609,Accident,DEN00FA063,2000-03-20,"DENVER, CO",United States,,,DEN,DENVER INTERNATIONAL,Non-Fatal,Substantial,,N329MX,Dornier,328-100,No,2.0,Turbo Prop,,SCHD,Unknown,"Air Wisconsin, Inc.",0.0,0.0,0.0,24.0,VMC,Landing,Probable Cause,23-10-2001,Dornier 328-100
20001212X20580,Accident,ANC00TA039,2000-03-29,"MANOKOTAK, AK",United States,,,,,Non-Fatal,Substantial,,N5006R,Bell,206B,No,1.0,Turbo Shaft,,NSCH,Unknown,U.s. Coast Guard,0.0,0.0,0.0,2.0,IMC,Cruise,Probable Cause,09-05-2001,Bell 206B
20001212X20855,Accident,LAX00LA156,2000-04-16,"GRAND CANYON, AZ",United States,,,,,Non-Fatal,Substantial,,N175PA,Bell,407,No,1.0,Turbo Shaft,,NSCH,Unknown,Papillon Airways Inc. (dba: Papillon Grand Cyn Helicopters),0.0,0.0,0.0,6.0,VMC,Cruise,Probable Cause,17-07-2001,Bell 407
20001212X20788,Accident,CHI00LA124,2000-04-25,"HANCOCK, MI",United States,,,CMX,HOUGHTON CO. MEMORIAL,Non-Fatal,Substantial,,N404XJ,Saab-scania Ab (saab),SF-340B,No,2.0,Turbo Prop,,SCHD,Unknown,"Lambert Leasing, Inc. (dba: Northwest Airlink)",0.0,0.0,0.0,21.0,VMC,Takeoff,Probable Cause,17-05-2001,Saab-scania Ab (saab) SF-340B
20001212X20794,Accident,DEN00FA078,2000-04-27,"DENVER, CO",United States,,,,,Non-Fatal,Substantial,,N990CF,Douglas,DC-8-62F,No,4.0,Turbo Fan,,NSCH,Unknown,Emery Worldwide Airlines,0.0,0.0,0.0,5.0,VMC,Cruise,Probable Cause,06-04-2001,Douglas DC-8-62F
20001212X20972,Accident,DEN00FA085,2000-05-05,"MONUMENT VALLEY, UT",United States,,,71V,MONUMENT VALLEY AIRPORT,Non-Fatal,Substantial,,N241SA,De Havilland,DHC-6-300,No,2.0,Turbo Prop,,SCHD,Unknown,"(dba: Scenic Airlines, Inc.)",0.0,0.0,0.0,17.0,VMC,Takeoff,Probable Cause,06-04-2001,De Havilland DHC-6-300
20001212X21096,Incident,NYC00IA131,2000-05-08,"WINDSOR LOCKS, CT",United States,,,BDL,BRADLEY INTERNATIONAL,Incident,Minor,,N9044V,Beech,BE-58,No,2.0,Reciprocating,,NSCH,Unknown,(dba: U.s. Check),0.0,0.0,0.0,1.0,VMC,Climb,Probable Cause,06-04-2001,Beech BE-58
20001212X21060,Incident,MIA00IA164,2000-05-19,"FORT LAUDERDALE, FL",United States,,,FLL,FORT LAUDERDALE/HOLLYWOOD,Incident,Minor,,N154GA,Beech,1900C,No,2.0,Turbo Prop,,SCHD,Unknown,Gulfstream International (dba: Continental Connection),0.0,0.0,0.0,22.0,VMC,Climb,Probable Cause,20-04-2001,Beech 1900C
20001212X20938,Accident,ANC00LA061,2000-05-22,"CORDOVA, AK",United States,,,PACV,CORDOVA,Non-Fatal,Substantial,,N402ET,Cessna,402C,No,2.0,Reciprocating,,SCHD,Unknown,Arctic Circle Air Service Inc.,0.0,0.0,0.0,1.0,IMC,Landing,Probable Cause,09-05-2001,Cessna 402C
20001212X21299,Incident,NYC00IA150,2000-06-03,"ROCHESTER, NY",United States,,,ROC,GTR. ROCHESTER INT. APT.,Incident,Minor,,N853CA,Beech,1900D,No,2.0,Turbo Prop,,SCHD,Unknown,(dba: Us Airways Express),0.0,0.0,0.0,13.0,VMC,Landing,Probable Cause,14-11-2001,Beech 1900D
20001212X21300,Incident,NYC00IA159,2000-06-09,"LEXINGTON, KY",United States,,,LEX,BLUE GRASS AIRPORT,Incident,Minor,,N914AE,British Aerospace,BAE JETSTREAM 3201,No,2.0,Turbo Prop,,SCHD,Unknown,(dba: Us Airways Express),0.0,0.0,0.0,13.0,VMC,Descent,Probable Cause,08-05-2001,British Aerospace BAE JETSTREAM 3201
20001212X21295,Accident,MIA00LA195,2000-06-30,"NAPLES, FL",United States,,,APF,NAPLES MUNICIPAL,Non-Fatal,Substantial,,N7037E,Cessna,402C,No,2.0,Reciprocating,,SCHD,Unknown,(dba: Cape Air),0.0,0.0,0.0,5.0,VMC,Descent,Probable Cause,04-12-2000,Cessna 402C
20001212X21460,Accident,FTW00LA204,2000-07-08,"DEL CITY, TX",United States,,,,,Non-Fatal,Substantial,,N402NA,Cessna,402A,No,2.0,Reciprocating,,NSCH,Unknown,"Saber Cargo Airlines, Inc. (dba: Saber Cargo Airlines)",0.0,0.0,0.0,2.0,VMC,Cruise,Probable Cause,09-05-2001,Cessna 402A
20001212X21354,Accident,ANC00LA086,2000-07-12,"KOTLIK, AK",United States,,,2A9,NEW KOTLIK AIRPORT,Non-Fatal,Substantial,,N1549U,Cessna,207,No,1.0,Reciprocating,,NSCH,Unknown,"Larry's Flying Service, Inc.",0.0,0.0,0.0,1.0,VMC,Landing,Probable Cause,02-07-2001,Cessna 207
20001212X21517,Accident,LAX00LA277,2000-07-23,"BOULDER CITY, NV",United States,,,,,Non-Fatal,Substantial,,N600EE,Piper,PA-31-350,No,2.0,Reciprocating,,NSCH,Unknown,Air Bridge,0.0,0.0,0.0,10.0,VMC,Cruise,Probable Cause,26-09-2001,Piper PA-31-350
20001212X21637,Accident,ANC00LA105,2000-08-16,"YAKUTAT, AK",United States,,,,,Non-Fatal,Substantial,,N185M,Cessna,185,No,1.0,Reciprocating,,NSCH,Unknown,"(dba: Mountain Flying Service, Inc.)",0.0,0.0,0.0,3.0,VMC,Landing,Probable Cause,02-07-2001,Cessna 185
20001212X21921,Accident,CHI00LA286,2000-09-01,"MASON CITY, IA",United States,,,,,Non-Fatal,Substantial,,N8304C,Piper,PA-32R-300,No,1.0,Reciprocating,,NSCH,Unknown,(dba: Safewing Aviation Company),0.0,0.0,0.0,1.0,VMC,Cruise,Probable Cause,09-10-2001,Piper PA-32R-300
20001212X22032,Incident,MIA00IA266,2000-09-16,"MIAMI, FL",United States,,,MIA,MIAMI INTERNATIONAL,Incident,Minor,,N194GA,Beech,1900C,No,2.0,Turbo Prop,,SCHD,Unknown,Gulfstream International (dba: Continental Connection),0.0,0.0,0.0,12.0,VMC,Landing,Probable Cause,01-11-2001,Beech 1900C
20001212X22076,Accident,SEA00LA183,2000-09-22,"MISSOULA, MT",United States,,,MSO,MISSOULA INTERNATIONAL AI,Non-Fatal,Substantial,,N99TH,Beech,B99,No,2.0,Turbo Prop,,NSCH,Unknown,Alpine Air,0.0,0.0,0.0,2.0,VMC,Landing,Probable Cause,26-03-2003,Beech B99
20001212X21960,Accident,DEN00LA177,2000-09-22,"BROOMFIELD, CO",United States,,,BJC,JEFFERSON COUNTY,Non-Fatal,Substantial,,N388SP,Cessna,340,No,2.0,Reciprocating,,NSCH,Unknown,Star West Aviation,0.0,0.0,0.0,5.0,IMC,Landing,Probable Cause,06-04-2001,Cessna 340
20001212X21965,Accident,DEN01LA005,2000-09-27,"GRAND JUNCTION, CO",United States,,,GJT,WALKER FIELD,Non-Fatal,Substantial,,N159SW,Piper,PA-31-350,No,2.0,Reciprocating,,NSCH,Unknown,"Western Aviators, Inc.",0.0,0.0,0.0,1.0,VMC,Approach,Probable Cause,19-04-2001,Piper PA-31-350
20001212X21962,Accident,DEN00LA179,2000-09-27,"BLANDING, UT",United States,,,U96,CAL BLACK MEMORIAL,Non-Fatal,Substantial,,N114SA,Piper,PA-31-350,No,2.0,Reciprocating,,NSCH,Unknown,(dba: Frog Air),0.0,0.0,0.0,5.0,VMC,Landing,Probable Cause,08-05-2001,Piper PA-31-350
20001212X22182,Accident,LAX01FA018A,2000-10-17,"VAN NUYS, CA",United States,,,VNY,Van Nuys,Non-Fatal,Substantial,,N1801B,Beech,C90,No,2.0,Turbo Prop,,NSCH,Unknown,Sun Quest Executive Air Charte,0.0,0.0,0.0,6.0,VMC,Approach,Probable Cause,24-10-2002,Beech C90
20001212X22163,Accident,IAD01FA006,2000-10-20,"DULLES, VA",United States,,,,,Non-Fatal,Substantial,,N488UE,British Aerospace,JETSTREAM 3201,No,2.0,Turbo Prop,,SCHD,Unknown,Atlantic Coast Airlines (dba: United Express),0.0,0.0,0.0,12.0,VMC,Descent,Probable Cause,18-12-2001,British Aerospace JETSTREAM 3201
20001226X45474,Accident,ANC01LA017,2000-11-03,"BETHEL, AK",United States,,,BET,BETHEL,Non-Fatal,Substantial,,N7336U,Cessna,207A,No,1.0,Reciprocating,,NSCH,Unknown,Yute Air Alaska (dba: Yute Air Alaska),0.0,0.0,0.0,1.0,VMC,Takeoff,Probable Cause,10-07-2001,Cessna 207A
20001226X45473,Accident,ANC01LA016,2000-11-09,"LIME VILLAGE, AK",United States,,,2AK,LIME VILLAGE,Non-Fatal,Substantial,,N4803S,Piper,PA-32-260,No,1.0,Reciprocating,,NSCH,Unknown,(dba: Tanana Air Service Inc.),0.0,0.0,0.0,5.0,VMC,Approach,Probable Cause,10-07-2001,Piper PA-32-260
20001226X45490,Accident,MIA01LA040,2000-12-13,"PENSACOLA, FL",United States,,,PNS,PENSACOLA REGIONAL,Non-Fatal,Substantial,,N781SL,Cessna,421B,No,2.0,Reciprocating,,NSCH,Unknown,"Lifeguard Air Ambulance, Inc.",0.0,0.0,0.0,4.0,IMC,Taxi,Probable Cause,02-07-2001,Cessna 421B
20010223X00505,Accident,ANC01LA031,2001-01-19,"KONGIGANAK, AK",United States,59.965833,-162.866667,DUY,KONGIGANAK,Non-Fatal,Substantial,,N7340U,Cessna,207,No,1.0,Unknown,,NSCH,Unknown,Hageland Aviation Services,0.0,0.0,0.0,1.0,VMC,Takeoff,Probable Cause,20-02-2002,Cessna 207
20071108X01768,Accident,MIA08LA014A,2007-11-06,"OPA LOCKA, FL",United States,25.904167,-80.273611,OPF,Opa Locka Executive Airport,Non-Fatal,Substantial,Airplane,N701SE,Cessna,C208B,No,1.0,Turbo Prop,Part 135: Air Taxi & Commuter,NSCH,Business,"Florida Air Cargo, Inc (dba: Florida Air Cargo, Inc)",0.0,0.0,0.0,2.0,VMC,Taxi,Probable Cause,09-12-2011,Cessna C208B
